item_id,item_key
0,"Unit CTA1_01, Section CTA1_01-1	LDEMO_WKST"
1,"Unit CTA1_01, Section CTA1_01-2	BH1T08"
2,"Unit CTA1_01, Section CTA1_01-2	BH1T08A"
3,"Unit CTA1_01, Section CTA1_01-2	BH1T08B"
4,"Unit CTA1_01, Section CTA1_01-2	BH1T08C"
5,"Unit CTA1_01, Section CTA1_01-2	BH1T15"
6,"Unit CTA1_01, Section CTA1_01-2	BH1T15A"
7,"Unit CTA1_01, Section CTA1_01-2	BH1T15B"
8,"Unit CTA1_01, Section CTA1_01-2	BH1T15C"
9,"Unit CTA1_01, Section CTA1_01-2	BH1T17"
10,"Unit CTA1_01, Section CTA1_01-2	BH1T17A"
11,"Unit CTA1_01, Section CTA1_01-2	BH1T17B"
12,"Unit CTA1_01, Section CTA1_01-2	BH1T17C"
13,"Unit CTA1_01, Section CTA1_01-2	BH1T22"
14,"Unit CTA1_01, Section CTA1_01-2	BH1T22A"
15,"Unit CTA1_01, Section CTA1_01-2	BH1T22B"
16,"Unit CTA1_01, Section CTA1_01-2	BH1T22C"
17,"Unit CTA1_01, Section CTA1_01-2	BH1T24"
18,"Unit CTA1_01, Section CTA1_01-2	BH1T24A"
19,"Unit CTA1_01, Section CTA1_01-2	BH1T24B"
20,"Unit CTA1_01, Section CTA1_01-2	BH1T24C"
21,"Unit CTA1_01, Section CTA1_01-2	BH1T26"
22,"Unit CTA1_01, Section CTA1_01-2	BH1T26A"
23,"Unit CTA1_01, Section CTA1_01-2	BH1T26B"
24,"Unit CTA1_01, Section CTA1_01-2	BH1T26C"
25,"Unit CTA1_01, Section CTA1_01-2	EMX04"
26,"Unit CTA1_01, Section CTA1_01-2	EMX04A"
27,"Unit CTA1_01, Section CTA1_01-2	EMX04B"
28,"Unit CTA1_01, Section CTA1_01-2	EMX04C"
29,"Unit CTA1_01, Section CTA1_01-2	RXMX1"
30,"Unit CTA1_01, Section CTA1_01-2	RXMX1A"
31,"Unit CTA1_01, Section CTA1_01-2	RXMX1B"
32,"Unit CTA1_01, Section CTA1_01-2	RXMX1C"
33,"Unit CTA1_01, Section CTA1_01-2	RXMX_2"
34,"Unit CTA1_01, Section CTA1_01-2	RXMX_2A"
35,"Unit CTA1_01, Section CTA1_01-2	RXMX_2B"
36,"Unit CTA1_01, Section CTA1_01-2	RXMX_2C"
37,"Unit CTA1_01, Section CTA1_01-2	RXMX_3"
38,"Unit CTA1_01, Section CTA1_01-2	RXMX_3A"
39,"Unit CTA1_01, Section CTA1_01-2	RXMX_3B"
40,"Unit CTA1_01, Section CTA1_01-2	RXMX_3C"
41,"Unit CTA1_01, Section CTA1_01-3	BH1T19"
42,"Unit CTA1_01, Section CTA1_01-3	BH1T19A"
43,"Unit CTA1_01, Section CTA1_01-3	BH1T19B"
44,"Unit CTA1_01, Section CTA1_01-3	BH1T19C"
45,"Unit CTA1_01, Section CTA1_01-3	BH1T27"
46,"Unit CTA1_01, Section CTA1_01-3	BH1T27A"
47,"Unit CTA1_01, Section CTA1_01-3	BH1T27B"
48,"Unit CTA1_01, Section CTA1_01-3	BH1T27C"
49,"Unit CTA1_01, Section CTA1_01-3	BH1T28"
50,"Unit CTA1_01, Section CTA1_01-3	BH1T28A"
51,"Unit CTA1_01, Section CTA1_01-3	BH1T28B"
52,"Unit CTA1_01, Section CTA1_01-3	BH1T28C"
53,"Unit CTA1_01, Section CTA1_01-3	BH1T30"
54,"Unit CTA1_01, Section CTA1_01-3	BH1T30A"
55,"Unit CTA1_01, Section CTA1_01-3	BH1T30B"
56,"Unit CTA1_01, Section CTA1_01-3	BH1T30C"
57,"Unit CTA1_01, Section CTA1_01-3	BH1T33"
58,"Unit CTA1_01, Section CTA1_01-3	BH1T33A"
59,"Unit CTA1_01, Section CTA1_01-3	BH1T33B"
60,"Unit CTA1_01, Section CTA1_01-3	BH1T33C"
61,"Unit CTA1_01, Section CTA1_01-3	BH1T34"
62,"Unit CTA1_01, Section CTA1_01-3	BH1T34A"
63,"Unit CTA1_01, Section CTA1_01-3	BH1T34B"
64,"Unit CTA1_01, Section CTA1_01-3	BH1T34C"
65,"Unit CTA1_01, Section CTA1_01-3	DEC03"
66,"Unit CTA1_01, Section CTA1_01-3	DEC03A"
67,"Unit CTA1_01, Section CTA1_01-3	DEC03B"
68,"Unit CTA1_01, Section CTA1_01-3	DEC03C"
69,"Unit CTA1_01, Section CTA1_01-3	JAN11"
70,"Unit CTA1_01, Section CTA1_01-3	JAN11A"
71,"Unit CTA1_01, Section CTA1_01-3	JAN11B"
72,"Unit CTA1_01, Section CTA1_01-3	JAN11C"
73,"Unit CTA1_01, Section CTA1_01-3	L3NOV07"
74,"Unit CTA1_01, Section CTA1_01-3	L3NOV07A"
75,"Unit CTA1_01, Section CTA1_01-3	L3NOV07B"
76,"Unit CTA1_01, Section CTA1_01-3	L3NOV07C"
77,"Unit CTA1_01, Section CTA1_01-3	L5FB03"
78,"Unit CTA1_01, Section CTA1_01-3	L5FB03A"
79,"Unit CTA1_01, Section CTA1_01-3	L5FB03B"
80,"Unit CTA1_01, Section CTA1_01-3	L5FB03C"
81,"Unit CTA1_01, Section CTA1_01-3	REAL20"
82,"Unit CTA1_01, Section CTA1_01-3	REAL20A"
83,"Unit CTA1_01, Section CTA1_01-3	REAL20B"
84,"Unit CTA1_01, Section CTA1_01-3	REAL20C"
85,"Unit CTA1_01, Section CTA1_01-4	JAN04"
86,"Unit CTA1_01, Section CTA1_01-4	JAN04A"
87,"Unit CTA1_01, Section CTA1_01-4	JAN04B"
88,"Unit CTA1_01, Section CTA1_01-4	JAN04C"
89,"Unit CTA1_01, Section CTA1_01-4	JAN13"
90,"Unit CTA1_01, Section CTA1_01-4	JAN13A"
91,"Unit CTA1_01, Section CTA1_01-4	JAN13B"
92,"Unit CTA1_01, Section CTA1_01-4	JAN13C"
93,"Unit CTA1_01, Section CTA1_01-4	L1FB12"
94,"Unit CTA1_01, Section CTA1_01-4	L1FB12A"
95,"Unit CTA1_01, Section CTA1_01-4	L1FB12B"
96,"Unit CTA1_01, Section CTA1_01-4	L1FB12C"
97,"Unit CTA1_01, Section CTA1_01-4	REAL32"
98,"Unit CTA1_01, Section CTA1_01-4	REAL32A"
99,"Unit CTA1_01, Section CTA1_01-4	REAL32B"
100,"Unit CTA1_01, Section CTA1_01-4	REAL32C"
101,"Unit CTA1_02, Section CTA1_02-1	LDEMO_GRPH"
102,"Unit CTA1_02, Section CTA1_02-2	BH1T21"
103,"Unit CTA1_02, Section CTA1_02-2	BH1T21A"
104,"Unit CTA1_02, Section CTA1_02-2	BH1T21B"
105,"Unit CTA1_02, Section CTA1_02-2	BH1T21C"
106,"Unit CTA1_02, Section CTA1_02-2	BH1T23"
107,"Unit CTA1_02, Section CTA1_02-2	BH1T23A"
108,"Unit CTA1_02, Section CTA1_02-2	BH1T23B"
109,"Unit CTA1_02, Section CTA1_02-2	BH1T23C"
110,"Unit CTA1_02, Section CTA1_02-2	BH1T35"
111,"Unit CTA1_02, Section CTA1_02-2	BH1T35A"
112,"Unit CTA1_02, Section CTA1_02-2	BH1T35B"
113,"Unit CTA1_02, Section CTA1_02-2	BH1T35C"
114,"Unit CTA1_02, Section CTA1_02-2	NEWS01"
115,"Unit CTA1_02, Section CTA1_02-2	NEWS01A"
116,"Unit CTA1_02, Section CTA1_02-2	NEWS01B"
117,"Unit CTA1_02, Section CTA1_02-2	NEWS01C"
118,"Unit CTA1_02, Section CTA1_02-2	NOV04"
119,"Unit CTA1_02, Section CTA1_02-2	NOV04A"
120,"Unit CTA1_02, Section CTA1_02-2	NOV04B"
121,"Unit CTA1_02, Section CTA1_02-2	NOV04C"
122,"Unit CTA1_02, Section CTA1_02-2	REAL17"
123,"Unit CTA1_02, Section CTA1_02-2	REAL17A"
124,"Unit CTA1_02, Section CTA1_02-2	REAL17B"
125,"Unit CTA1_02, Section CTA1_02-2	REAL17C"
126,"Unit CTA1_02, Section CTA1_02-3	BH1T39"
127,"Unit CTA1_02, Section CTA1_02-3	BH1T39A"
128,"Unit CTA1_02, Section CTA1_02-3	BH1T39B"
129,"Unit CTA1_02, Section CTA1_02-3	BH1T39C"
130,"Unit CTA1_02, Section CTA1_02-3	L3NOV10"
131,"Unit CTA1_02, Section CTA1_02-3	L3NOV10A"
132,"Unit CTA1_02, Section CTA1_02-3	L3NOV10B"
133,"Unit CTA1_02, Section CTA1_02-3	L3NOV10C"
134,"Unit CTA1_02, Section CTA1_02-3	L3NOV12"
135,"Unit CTA1_02, Section CTA1_02-3	L3NOV12A"
136,"Unit CTA1_02, Section CTA1_02-3	L3NOV12B"
137,"Unit CTA1_02, Section CTA1_02-3	L3NOV12C"
138,"Unit CTA1_02, Section CTA1_02-4	BH1T29"
139,"Unit CTA1_02, Section CTA1_02-4	BH1T29A"
140,"Unit CTA1_02, Section CTA1_02-4	BH1T29B"
141,"Unit CTA1_02, Section CTA1_02-4	BH1T29C"
142,"Unit CTA1_02, Section CTA1_02-4	L2FB14"
143,"Unit CTA1_02, Section CTA1_02-4	L2FB14A"
144,"Unit CTA1_02, Section CTA1_02-4	L2FB14B"
145,"Unit CTA1_02, Section CTA1_02-4	L2FB14C"
146,"Unit CTA1_02, Section CTA1_02-4	REAL19"
147,"Unit CTA1_02, Section CTA1_02-4	REAL19A"
148,"Unit CTA1_02, Section CTA1_02-4	REAL19B"
149,"Unit CTA1_02, Section CTA1_02-4	REAL19C"
150,"Unit CTA1_02, Section CTA1_02-4	REAL28"
151,"Unit CTA1_04, Section CTA1_04-1	LDEMO_WSLVR"
152,"Unit CTA1_04, Section CTA1_04-2	BH1T02"
153,"Unit CTA1_04, Section CTA1_04-2	BH1T02A"
154,"Unit CTA1_04, Section CTA1_04-2	BH1T02B"
155,"Unit CTA1_04, Section CTA1_04-2	BH1T02C"
156,"Unit CTA1_04, Section CTA1_04-2	BH1T10"
157,"Unit CTA1_04, Section CTA1_04-2	BH1T10A"
158,"Unit CTA1_04, Section CTA1_04-2	BH1T10B"
159,"Unit CTA1_04, Section CTA1_04-2	BH1T10C"
160,"Unit CTA1_04, Section CTA1_04-2	BH1T31"
161,"Unit CTA1_04, Section CTA1_04-2	BH1T31A"
162,"Unit CTA1_04, Section CTA1_04-2	BH1T31B"
163,"Unit CTA1_04, Section CTA1_04-2	BH1T31C"
164,"Unit CTA1_04, Section CTA1_04-2	BH1T32"
165,"Unit CTA1_04, Section CTA1_04-2	BH1T32A"
166,"Unit CTA1_04, Section CTA1_04-2	BH1T32B"
167,"Unit CTA1_04, Section CTA1_04-2	BH1T32C"
168,"Unit CTA1_04, Section CTA1_04-2	BH1T36"
169,"Unit CTA1_04, Section CTA1_04-2	BH1T36A"
170,"Unit CTA1_04, Section CTA1_04-2	BH1T36B"
171,"Unit CTA1_04, Section CTA1_04-2	BH1T36C"
172,"Unit CTA1_04, Section CTA1_04-2	EMX03"
173,"Unit CTA1_04, Section CTA1_04-2	EMX03A"
174,"Unit CTA1_04, Section CTA1_04-2	EMX03B"
175,"Unit CTA1_04, Section CTA1_04-2	EMX03C"
176,"Unit CTA1_04, Section CTA1_04-2	PERCENT01"
177,"Unit CTA1_04, Section CTA1_04-2	PERCENT01A"
178,"Unit CTA1_04, Section CTA1_04-2	PERCENT01B"
179,"Unit CTA1_04, Section CTA1_04-2	PERCENT01C"
180,"Unit CTA1_04, Section CTA1_04-2	PERCENT03"
181,"Unit CTA1_04, Section CTA1_04-2	PERCENT03A"
182,"Unit CTA1_04, Section CTA1_04-2	PERCENT03B"
183,"Unit CTA1_04, Section CTA1_04-2	PERCENT03C"
184,"Unit CTA1_04, Section CTA1_04-2	PERCENT04"
185,"Unit CTA1_04, Section CTA1_04-2	PERCENT04A"
186,"Unit CTA1_04, Section CTA1_04-2	PERCENT04B"
187,"Unit CTA1_04, Section CTA1_04-2	PERCENT04C"
188,"Unit CTA1_04, Section CTA1_04-2	PERCENT05"
189,"Unit CTA1_04, Section CTA1_04-2	PERCENT05A"
190,"Unit CTA1_04, Section CTA1_04-2	PERCENT05B"
191,"Unit CTA1_04, Section CTA1_04-2	PERCENT05C"
192,"Unit CTA1_04, Section CTA1_04-2	REAL13"
193,"Unit CTA1_04, Section CTA1_04-2	REAL13A"
194,"Unit CTA1_04, Section CTA1_04-2	REAL13B"
195,"Unit CTA1_04, Section CTA1_04-2	REAL13C"
196,"Unit CTA1_04, Section CTA1_04-3	BH1T41"
197,"Unit CTA1_04, Section CTA1_04-3	BH1T41A"
198,"Unit CTA1_04, Section CTA1_04-3	BH1T41B"
199,"Unit CTA1_04, Section CTA1_04-3	BH1T41C"
200,"Unit CTA1_04, Section CTA1_04-3	DEC01"
201,"Unit CTA1_04, Section CTA1_04-3	DEC01A"
202,"Unit CTA1_04, Section CTA1_04-3	DEC01B"
203,"Unit CTA1_04, Section CTA1_04-3	DEC01C"
204,"Unit CTA1_04, Section CTA1_04-3	L2FB15"
205,"Unit CTA1_04, Section CTA1_04-3	L2FB15A"
206,"Unit CTA1_04, Section CTA1_04-3	L2FB15B"
207,"Unit CTA1_04, Section CTA1_04-3	L2FB15C"
208,"Unit CTA1_04, Section CTA1_04-3	PERCENT14"
209,"Unit CTA1_04, Section CTA1_04-3	PERCENT14A"
210,"Unit CTA1_04, Section CTA1_04-3	PERCENT14B"
211,"Unit CTA1_04, Section CTA1_04-3	PERCENT14C"
212,"Unit CTA1_04, Section CTA1_04-4	BH1T47"
213,"Unit CTA1_04, Section CTA1_04-4	BH1T47A"
214,"Unit CTA1_04, Section CTA1_04-4	BH1T47B"
215,"Unit CTA1_04, Section CTA1_04-4	BH1T47C"
216,"Unit CTA1_04, Section CTA1_04-4	L5FB04"
217,"Unit CTA1_04, Section CTA1_04-4	L5FB04A"
218,"Unit CTA1_04, Section CTA1_04-4	L5FB04B"
219,"Unit CTA1_04, Section CTA1_04-4	L5FB04C"
220,"Unit CTA1_06, Section CTA1_06-1	LDEMO_4QGRPH"
221,"Unit CTA1_06, Section CTA1_06-2	BH1T20"
222,"Unit CTA1_06, Section CTA1_06-2	DEC02"
223,"Unit CTA1_06, Section CTA1_06-2	FEB01"
224,"Unit CTA1_06, Section CTA1_06-2	FEB05"
225,"Unit CTA1_06, Section CTA1_06-2	FEB11"
226,"Unit CTA1_06, Section CTA1_06-2	JAN03"
227,"Unit CTA1_06, Section CTA1_06-2	L5FB16"
228,"Unit CTA1_06, Section CTA1_06-2	L6FB06"
229,"Unit CTA1_06, Section CTA1_06-2	L6FB08"
230,"Unit CTA1_06, Section CTA1_06-3	BH1T40"
231,"Unit CTA1_06, Section CTA1_06-3	BH1T42"
232,"Unit CTA1_06, Section CTA1_06-3	BH1T43"
233,"Unit CTA1_06, Section CTA1_06-3	BH1T44"
234,"Unit CTA1_06, Section CTA1_06-3	FEB04"
235,"Unit CTA1_06, Section CTA1_06-3	FEB13"
236,"Unit CTA1_06, Section CTA1_06-3	FOR05"
237,"Unit CTA1_06, Section CTA1_06-3	JAN05"
238,"Unit CTA1_06, Section CTA1_06-3	JAN06"
239,"Unit CTA1_06, Section CTA1_06-4	BH1T48"
240,"Unit CTA1_06, Section CTA1_06-4	BH1T51"
241,"Unit CTA1_06, Section CTA1_06-4	BH1T52"
242,"Unit CTA1_06, Section CTA1_06-4	JAN09"
243,"Unit CTA1_06, Section CTA1_06-4	L6FB07"
244,"Unit CTA1_06, Section CTA1_06-4	L6FB18"
245,"Unit CTA1_06, Section CTA1_06-4	L6FB19"
246,"Unit CTA1_06, Section CTA1_06-5	FBSMR1"
247,"Unit CTA1_06, Section CTA1_06-5	FBSMR2"
248,"Unit CTA1_06, Section CTA1_06-5	FBSMR3"
249,"Unit CTA1_08, Section CTA1_08-1	LDEMO_MBGRPH"
250,"Unit CTA1_08, Section CTA1_08-2	BH1T04"
251,"Unit CTA1_08, Section CTA1_08-2	DEMO_8"
252,"Unit CTA1_08, Section CTA1_08-2	FEB02"
253,"Unit CTA1_08, Section CTA1_08-2	FEB03"
254,"Unit CTA1_08, Section CTA1_08-2	FEB09"
255,"Unit CTA1_08, Section CTA1_08-2	JAN01"
256,"Unit CTA1_08, Section CTA1_08-2	L1FB13"
257,"Unit CTA1_08, Section CTA1_08-2	L3_DEMO"
258,"Unit CTA1_08, Section CTA1_08-2	REAL00"
259,"Unit CTA1_08, Section CTA1_08-2	REAL30"
260,"Unit CTA1_08, Section CTA1_08-2	REAL31"
261,"Unit CTA1_08, Section CTA1_08-3	BH1T07"
262,"Unit CTA1_08, Section CTA1_08-3	DEC04"
263,"Unit CTA1_08, Section CTA1_08-3	FEB08"
264,"Unit CTA1_08, Section CTA1_08-3	JAN12"
265,"Unit CTA1_08, Section CTA1_08-3	L5FB02"
266,"Unit CTA1_08, Section CTA1_08-3	NOV13"
267,"Unit CTA1_08, Section CTA1_08-3	PERCENT12"
268,"Unit CTA1_08, Section CTA1_08-3	REAL10"
269,"Unit CTA1_08, Section CTA1_08-3	REAL37"
270,"Unit CTA1_10, Section CTA1_10-1	LDEMO_DIST_SP"
271,"Unit CTA1_10, Section CTA1_10-2	DIST03_SP"
272,"Unit CTA1_10, Section CTA1_10-2	DIST06_SP"
273,"Unit CTA1_10, Section CTA1_10-2	DIST09_SP"
274,"Unit CTA1_10, Section CTA1_10-2	DIST10_SP"
275,"Unit CTA1_10, Section CTA1_10-2	REAL18_SP"
276,"Unit CTA1_10, Section CTA1_10-3	DIST11_SP"
277,"Unit CTA1_10, Section CTA1_10-3	DISTFB01_SP"
278,"Unit CTA1_10, Section CTA1_10-3	DISTFB03_SP"
279,"Unit CTA1_10, Section CTA1_10-3	DISTFB04_SP"
280,"Unit CTA1_10, Section CTA1_10-3	DISTFB05_SP"
281,"Unit CTA1_10, Section CTA1_10-3	DISTFB06_SP"
282,"Unit CTA1_10, Section CTA1_10-4	DIST02_SP"
283,"Unit CTA1_10, Section CTA1_10-4	DISTFB07_SP"
284,"Unit CTA1_10, Section CTA1_10-4	FOR08_SP"
285,"Unit CTA1_10, Section CTA1_10-5	DIST04_SP"
286,"Unit CTA1_10, Section CTA1_10-5	DIST05_SP"
287,"Unit CTA1_10, Section CTA1_10-5	DISTFB08_SP"
288,"Unit CTA1_10, Section CTA1_10-6	DISTFB10_SP"
289,"Unit CTA1_10, Section CTA1_10-6	DISTFB11_SP"
290,"Unit CTA1_10, Section CTA1_10-6	DISTFB12_SP"
291,"Unit CTA1_10, Section CTA1_10-6	DISTFB13_SP"
292,"Unit CTA1_12, Section CTA1_12-1	LDEMO_SYS"
293,"Unit CTA1_12, Section CTA1_12-2	SYS03"
294,"Unit CTA1_12, Section CTA1_12-2	SYS04"
295,"Unit CTA1_12, Section CTA1_12-2	SYSFB17"
296,"Unit CTA1_12, Section CTA1_12-3	SYS02"
297,"Unit CTA1_12, Section CTA1_12-3	SYSFB02"
298,"Unit CTA1_12, Section CTA1_12-3	SYSFB12"
299,"Unit CTA1_12, Section CTA1_12-3	SYSFB21"
300,"Unit CTA1_12, Section CTA1_12-4	SYSFB04"
301,"Unit CTA1_12, Section CTA1_12-4	SYSFB22"
302,"Unit CTA1_12, Section CTA1_12-4	SYSFB23"
303,"Unit CTA1_12, Section CTA1_12-5	SYSFB05"
304,"Unit CTA1_12, Section CTA1_12-5	SYSFB24"
305,"Unit CTA1_12, Section CTA1_12-5	SYSFB25"
306,"Unit CTA1_12, Section CTA1_12-6	SYS01"
307,"Unit CTA1_12, Section CTA1_12-6	SYSFB03"
308,"Unit CTA1_12, Section CTA1_12-6	SYSFB11"
309,"Unit CTA1_13, Section CTA1_13-1	PROP01"
310,"Unit CTA1_13, Section CTA1_13-1	PROP02"
311,"Unit CTA1_13, Section CTA1_13-1	PROP03"
312,"Unit CTA1_13, Section CTA1_13-1	PROP04"
313,"Unit CTA1_13, Section CTA1_13-1	PROP05"
314,"Unit CTA1_13, Section CTA1_13-1	PROP06"
315,"Unit CTA1_13, Section CTA1_13-1	PROP07"
316,"Unit CTA1_13, Section CTA1_13-1	PROP08"
317,"Unit CTA1_13, Section CTA1_13-1	PROP09"
318,"Unit CTA1_13, Section CTA1_13-1	PROP10"
319,"Unit CTA1_13, Section CTA1_13-1	PROP12"
320,"Unit CTA1_13, Section CTA1_13-1	PROP13"
321,"Unit CTA1_14, Section CTA1_14-1	LDEMO_PTY"
322,"Unit CTA1_14, Section CTA1_14-2	1PTB02"
323,"Unit CTA1_14, Section CTA1_14-2	1PTB03"
324,"Unit CTA1_14, Section CTA1_14-2	1PTB07"
325,"Unit CTA1_14, Section CTA1_14-2	1PTB09"
326,"Unit CTA1_14, Section CTA1_14-2	1PTFB11"
327,"Unit CTA1_14, Section CTA1_14-2	1PTFB13"
328,"Unit CTA1_14, Section CTA1_14-2	1PTFB14"
329,"Unit CTA1_14, Section CTA1_14-2	1PTFB15"
330,"Unit CTA1_14, Section CTA1_14-2	DEC05"
331,"Unit CTA1_14, Section CTA1_14-2	IPCBABY"
332,"Unit CTA1_14, Section CTA1_14-2	IPCBASEBALL"
333,"Unit CTA1_14, Section CTA1_14-3	2PTFB12"
334,"Unit CTA1_14, Section CTA1_14-3	2PTFB15"
335,"Unit CTA1_14, Section CTA1_14-3	2PTS01"
336,"Unit CTA1_14, Section CTA1_14-3	2PTS02"
337,"Unit CTA1_14, Section CTA1_14-3	2PTS08"
338,"Unit CTA1_14, Section CTA1_14-4	1PTFB12"
339,"Unit CTA1_14, Section CTA1_14-4	2PTFB10"
340,"Unit CTA1_14, Section CTA1_14-4	2PTFB13"
341,"Unit CTA1_14, Section CTA1_14-4	2PTFB14"
342,"Unit CTA1_14, Section CTA1_14-4	2PTFB16"
343,"Unit CTA1_14, Section CTA1_14-4	2PTFB18"
344,"Unit CTA1_14, Section CTA1_14-4	IPCCHEF"
345,"Unit CTA1_14, Section CTA1_14-4	IPCEVEREST"
346,"Unit CTA1_14, Section CTA1_14-4	IPCRETIREMENT"
347,"Unit CTA1_14, Section CTA1_14-4	IPCTURDUCKEN"
348,"Unit CTA1_14, Section CTA1_14-4	LDEMO_PTPT"
349,"Unit CTA1_14, Section CTA1_14-4	TPH04"
350,"Unit CTA1_14, Section CTA1_14-4	TPH11"
351,"Unit CTA1_14, Section CTA1_14-4	TPH15"
352,"Unit CTA1_15, Section CTA1_15-1	LDEMO_MSYS"
353,"Unit CTA1_15, Section CTA1_15-2	SYS05"
354,"Unit CTA1_15, Section CTA1_15-2	SYS18"
355,"Unit CTA1_15, Section CTA1_15-2	SYSFB09"
356,"Unit CTA1_15, Section CTA1_15-2	SYSFB14"
357,"Unit CTA1_15, Section CTA1_15-2	SYSFB18"
358,"Unit CTA1_15, Section CTA1_15-3	SYS06"
359,"Unit CTA1_15, Section CTA1_15-3	SYS07"
360,"Unit CTA1_15, Section CTA1_15-3	SYS09"
361,"Unit CTA1_15, Section CTA1_15-3	SYS10"
362,"Unit CTA1_15, Section CTA1_15-3	SYSFB06"
363,"Unit CTA1_15, Section CTA1_15-3	SYSFB10"
364,"Unit CTA1_20, Section CTA1_20-1	1PTB05"
365,"Unit CTA1_20, Section CTA1_20-1	1PTFB16"
366,"Unit CTA1_20, Section CTA1_20-1	2PTS03"
367,"Unit CTA1_20, Section CTA1_20-1	IPCSWIMMING"
368,"Unit CTA1_20, Section CTA1_20-2	1PTB04"
369,"Unit CTA1_20, Section CTA1_20-2	1PTB06"
370,"Unit CTA1_20, Section CTA1_20-2	1PTB08"
371,"Unit CTA1_20, Section CTA1_20-2	1PTFB10"
372,"Unit CTA1_20, Section CTA1_20-2	1PTFB17"
373,"Unit CTA1_20, Section CTA1_20-2	1PTFB18"
374,"Unit CTA1_20, Section CTA1_20-2	2PTFB11"
375,"Unit CTA1_20, Section CTA1_20-2	2PTFB19"
376,"Unit CTA1_20, Section CTA1_20-2	2PTFB20"
377,"Unit CTA1_20, Section CTA1_20-2	2PTFB21"
378,"Unit CTA1_20, Section CTA1_20-2	2PTFB22"
379,"Unit CTA1_20, Section CTA1_20-2	2PTS06"
380,"Unit CTA1_20, Section CTA1_20-2	2PTS07"
381,"Unit CTA1_20, Section CTA1_20-2	BH1T45"
382,"Unit CTA1_20, Section CTA1_20-2	IPCPAIGE"
383,"Unit CTA1_20, Section CTA1_20-2	IPCSNOW"
384,"Unit CTA1_20, Section CTA1_20-2	PSNPOLEVAULT"
385,"Unit CTA1_20, Section CTA1_20-2	TOYSALES"
386,"Unit CTA1_21, Section CTA1_21-1	BH1T09"
387,"Unit CTA1_21, Section CTA1_21-1	BH1T12"
388,"Unit CTA1_21, Section CTA1_21-1	BH1T14"
389,"Unit CTA1_21, Section CTA1_21-1	BH1T25"
390,"Unit CTA1_21, Section CTA1_21-2	BH1T49"
391,"Unit CTA1_21, Section CTA1_21-2	FEB12"
392,"Unit CTA1_21, Section CTA1_21-2	NOV06"
393,"Unit CTA1_21, Section CTA1_21-2	NOV09"
394,"Unit CTA1_21, Section CTA1_21-2	NOV11"
395,"Unit CTA1_21, Section CTA1_21-2	PROP17"
396,"Unit CTA1_21, Section CTA1_21-3	DEC06"
397,"Unit CTA1_21, Section CTA1_21-3	FEB07"
398,"Unit CTA1_21, Section CTA1_21-3	JAN07"
399,"Unit CTA1_21, Section CTA1_21-3	JAN08"
400,"Unit CTA1_21, Section CTA1_21-3	NOV14"
401,"Unit CTA1_22, Section CTA1_22-1	SYS08"
402,"Unit CTA1_22, Section CTA1_22-1	SYS19"
403,"Unit CTA1_22, Section CTA1_22-1	SYSFB07"
404,"Unit CTA1_22, Section CTA1_22-1	SYSFB08"
405,"Unit CTA1_22, Section CTA1_22-1	SYSFB13"
406,"Unit CTA1_22, Section CTA1_22-1	SYSFB15"
407,"Unit CTA1_22, Section CTA1_22-1	SYSFB19"
408,"Unit CTA1_22, Section CTA1_22-1	SYSFB20"
409,"Unit CTA1_24, Section CTA1_24-1	BH1T24"
410,"Unit CTA1_24, Section CTA1_24-1	BH1T37"
411,"Unit CTA1_24, Section CTA1_24-1	DEMO_5"
412,"Unit CTA1_24, Section CTA1_24-1	FOR02"
413,"Unit CTA1_24, Section CTA1_24-1	L3FB01"
414,"Unit CTA1_24, Section CTA1_24-1	L3REAL21"
415,"Unit CTA1_24, Section CTA1_24-1	L3REAL45"
416,"Unit CTA1_24, Section CTA1_24-1	L3REAL50"
417,"Unit CTA1_24, Section CTA1_24-1	L5FB05"
418,"Unit CTA1_24, Section CTA1_24-1	NOV05"
419,"Unit CTA1_24, Section CTA1_24-1	PERCENT07"
420,"Unit CTA1_24, Section CTA1_24-1	PERCENT15"
421,"Unit CTA1_24, Section CTA1_24-1	PROP16"
422,"Unit CTA1_24, Section CTA1_24-1	REAL06"
423,"Unit CTA1_24, Section CTA1_24-1	REAL29"
424,"Unit CTA1_25, Section CTA1_25-1	BH1T05"
425,"Unit CTA1_25, Section CTA1_25-1	BH1T46"
426,"Unit CTA1_25, Section CTA1_25-1	BH1T50"
427,"Unit CTA1_25, Section CTA1_25-1	DEC07"
428,"Unit CTA1_25, Section CTA1_25-1	DEMO_10"
429,"Unit CTA1_25, Section CTA1_25-1	FEB06"
430,"Unit CTA1_25, Section CTA1_25-1	FOR01"
431,"Unit CTA1_25, Section CTA1_25-1	PERCENT06"
432,"Unit CTA1_25, Section CTA1_25-1	PERCENT09"
433,"Unit CTA1_25, Section CTA1_25-1	PERCENT18"
434,"Unit CTA1_25, Section CTA1_25-1	PROP11"
435,"Unit CTA1_25, Section CTA1_25-1	REAL33"
436,"Unit CTA1_25, Section CTA1_25-1	REAL35"
437,"Unit CTA1_25, Section CTA1_25-1	REAL36"
438,"Unit CTA1_25, Section CTA1_25-1	REAL48"
439,"Unit CTA1_26, Section CTA1_26-1	BH1T03"
440,"Unit CTA1_26, Section CTA1_26-1	BH1T06"
441,"Unit CTA1_26, Section CTA1_26-1	BH1T13"
442,"Unit CTA1_26, Section CTA1_26-1	BH1T38"
443,"Unit CTA1_26, Section CTA1_26-1	L3JAN02"
444,"Unit CTA1_26, Section CTA1_26-1	L3NOV08"
445,"Unit CTA1_26, Section CTA1_26-1	L5FB17"
446,"Unit CTA1_26, Section CTA1_26-1	NEWS02"
447,"Unit CTA1_26, Section CTA1_26-1	PERCENT02"
448,"Unit CTA1_26, Section CTA1_26-1	PERCENT08"
449,"Unit CTA1_26, Section CTA1_26-1	PERCENT11"
450,"Unit CTA1_26, Section CTA1_26-1	PROP15"
451,"Unit CTA1_26, Section CTA1_26-1	REAL01"
452,"Unit CTA1_26, Section CTA1_26-1	REAL05"
453,"Unit CTA1_26, Section CTA1_26-1	REAL25"
454,"Unit CTA1_27, Section CTA1_27-1	BH1T18"
455,"Unit CTA1_27, Section CTA1_27-1	DIST01"
456,"Unit CTA1_27, Section CTA1_27-1	FOR06"
457,"Unit CTA1_27, Section CTA1_27-1	FOR06A"
458,"Unit CTA1_27, Section CTA1_27-1	FOR06B"
459,"Unit CTA1_27, Section CTA1_27-1	FOR06C"
460,"Unit CTA1_27, Section CTA1_27-1	FOR07"
461,"Unit CTA1_27, Section CTA1_27-1	JAN14"
462,"Unit CTA1_27, Section CTA1_27-1	L3REAL12"
463,"Unit CTA1_27, Section CTA1_27-1	PERCENT10"
464,"Unit CTA1_27, Section CTA1_27-1	PERCENT16"
465,"Unit CTA1_27, Section CTA1_27-1	PERCENT17"
466,"Unit CTA1_27, Section CTA1_27-1	PROP14"
467,"Unit CTA1_27, Section CTA1_27-1	PROP18"
468,"Unit CTA1_27, Section CTA1_27-1	PROP19"
469,"Unit CTA1_27, Section CTA1_27-1	REAL02"
470,"Unit CTA1_27, Section CTA1_27-1	REAL16"
471,"Unit CTA1_27, Section CTA1_27-1	REAL27"
472,"Unit ES_01, Section ES_01-1	EG1"
473,"Unit ES_01, Section ES_01-1	EG1-FIXED"
474,"Unit ES_01, Section ES_01-1	EG2"
475,"Unit ES_01, Section ES_01-1	EG3"
476,"Unit ES_01, Section ES_01-1	EG4"
477,"Unit ES_01, Section ES_01-10	EG27"
478,"Unit ES_01, Section ES_01-11	EG27"
479,"Unit ES_01, Section ES_01-2	EG1"
480,"Unit ES_01, Section ES_01-2	EG2"
481,"Unit ES_01, Section ES_01-2	EG3"
482,"Unit ES_01, Section ES_01-2	EG4"
483,"Unit ES_01, Section ES_01-3	EG10"
484,"Unit ES_01, Section ES_01-3	EG10A"
485,"Unit ES_01, Section ES_01-3	EG10B"
486,"Unit ES_01, Section ES_01-3	EG10C"
487,"Unit ES_01, Section ES_01-3	EG11"
488,"Unit ES_01, Section ES_01-3	EG11A"
489,"Unit ES_01, Section ES_01-3	EG11B"
490,"Unit ES_01, Section ES_01-3	EG11C"
491,"Unit ES_01, Section ES_01-3	EG12"
492,"Unit ES_01, Section ES_01-3	EG12B"
493,"Unit ES_01, Section ES_01-3	EG12C"
494,"Unit ES_01, Section ES_01-3	EG5"
495,"Unit ES_01, Section ES_01-3	EG5A"
496,"Unit ES_01, Section ES_01-3	EG5B"
497,"Unit ES_01, Section ES_01-3	EG5C"
498,"Unit ES_01, Section ES_01-3	EG6"
499,"Unit ES_01, Section ES_01-3	EG6A"
500,"Unit ES_01, Section ES_01-3	EG6B"
501,"Unit ES_01, Section ES_01-3	EG6C"
502,"Unit ES_01, Section ES_01-3	EG7"
503,"Unit ES_01, Section ES_01-3	EG7A"
504,"Unit ES_01, Section ES_01-3	EG7B"
505,"Unit ES_01, Section ES_01-3	EG7C"
506,"Unit ES_01, Section ES_01-3	EG9"
507,"Unit ES_01, Section ES_01-3	EG9A"
508,"Unit ES_01, Section ES_01-3	EG9B"
509,"Unit ES_01, Section ES_01-3	EG9C"
510,"Unit ES_01, Section ES_01-4	EG11"
511,"Unit ES_01, Section ES_01-4	EG11A"
512,"Unit ES_01, Section ES_01-4	EG11B"
513,"Unit ES_01, Section ES_01-4	EG11C"
514,"Unit ES_01, Section ES_01-4	EG5"
515,"Unit ES_01, Section ES_01-4	EG5A"
516,"Unit ES_01, Section ES_01-4	EG5B"
517,"Unit ES_01, Section ES_01-4	EG5C"
518,"Unit ES_01, Section ES_01-4	EG6"
519,"Unit ES_01, Section ES_01-4	EG6A"
520,"Unit ES_01, Section ES_01-4	EG6B"
521,"Unit ES_01, Section ES_01-4	EG6C"
522,"Unit ES_01, Section ES_01-4	EG7"
523,"Unit ES_01, Section ES_01-4	EG7A"
524,"Unit ES_01, Section ES_01-4	EG7B"
525,"Unit ES_01, Section ES_01-4	EG7C"
526,"Unit ES_01, Section ES_01-4	EG8"
527,"Unit ES_01, Section ES_01-4	EG8A"
528,"Unit ES_01, Section ES_01-4	EG8B"
529,"Unit ES_01, Section ES_01-4	EG8C"
530,"Unit ES_01, Section ES_01-5	EG13"
531,"Unit ES_01, Section ES_01-5	EG13A"
532,"Unit ES_01, Section ES_01-5	EG14"
533,"Unit ES_01, Section ES_01-5	EG14A"
534,"Unit ES_01, Section ES_01-5	EG15"
535,"Unit ES_01, Section ES_01-5	EG15A"
536,"Unit ES_01, Section ES_01-5	EG16"
537,"Unit ES_01, Section ES_01-5	EG16A"
538,"Unit ES_01, Section ES_01-5	EG17"
539,"Unit ES_01, Section ES_01-5	EG17A"
540,"Unit ES_01, Section ES_01-5	EG18"
541,"Unit ES_01, Section ES_01-5	EG18A"
542,"Unit ES_01, Section ES_01-5	EG19"
543,"Unit ES_01, Section ES_01-5	EG19A"
544,"Unit ES_01, Section ES_01-5	EG20"
545,"Unit ES_01, Section ES_01-5	EG20A"
546,"Unit ES_01, Section ES_01-6	EG21"
547,"Unit ES_01, Section ES_01-6	EG22"
548,"Unit ES_01, Section ES_01-7	EG21"
549,"Unit ES_01, Section ES_01-7	EG22"
550,"Unit ES_01, Section ES_01-8	EG23"
551,"Unit ES_01, Section ES_01-8	EG24"
552,"Unit ES_01, Section ES_01-8	EG25"
553,"Unit ES_01, Section ES_01-8	EG26"
554,"Unit ES_01, Section ES_01-9	EG23"
555,"Unit ES_01, Section ES_01-9	EG24"
556,"Unit ES_01, Section ES_01-9	EG25"
557,"Unit ES_01, Section ES_01-9	EG26"
558,"Unit ES_02, Section ES_02-1	EG2-FIXED"
559,"Unit ES_02, Section ES_02-1	EG28"
560,"Unit ES_02, Section ES_02-1	EG29"
561,"Unit ES_02, Section ES_02-1	EG30"
562,"Unit ES_02, Section ES_02-1	EG31"
563,"Unit ES_02, Section ES_02-10	EG44"
564,"Unit ES_02, Section ES_02-2	EG28"
565,"Unit ES_02, Section ES_02-2	EG29"
566,"Unit ES_02, Section ES_02-2	EG30"
567,"Unit ES_02, Section ES_02-2	EG31"
568,"Unit ES_02, Section ES_02-3	EG32"
569,"Unit ES_02, Section ES_02-3	EG32A"
570,"Unit ES_02, Section ES_02-3	EG32B"
571,"Unit ES_02, Section ES_02-3	EG32C"
572,"Unit ES_02, Section ES_02-3	EG33"
573,"Unit ES_02, Section ES_02-3	EG33A"
574,"Unit ES_02, Section ES_02-3	EG33B"
575,"Unit ES_02, Section ES_02-3	EG33C"
576,"Unit ES_02, Section ES_02-3	EG34"
577,"Unit ES_02, Section ES_02-3	EG34A"
578,"Unit ES_02, Section ES_02-3	EG34B"
579,"Unit ES_02, Section ES_02-3	EG34C"
580,"Unit ES_02, Section ES_02-3	EG35"
581,"Unit ES_02, Section ES_02-3	EG35A"
582,"Unit ES_02, Section ES_02-3	EG35B"
583,"Unit ES_02, Section ES_02-3	EG35C"
584,"Unit ES_02, Section ES_02-3	EG36"
585,"Unit ES_02, Section ES_02-3	EG36A"
586,"Unit ES_02, Section ES_02-3	EG36B"
587,"Unit ES_02, Section ES_02-3	EG36C"
588,"Unit ES_02, Section ES_02-3	EG37"
589,"Unit ES_02, Section ES_02-3	EG37A"
590,"Unit ES_02, Section ES_02-3	EG37B"
591,"Unit ES_02, Section ES_02-3	EG37C"
592,"Unit ES_02, Section ES_02-3	EG38"
593,"Unit ES_02, Section ES_02-3	EG38A"
594,"Unit ES_02, Section ES_02-3	EG38B"
595,"Unit ES_02, Section ES_02-3	EG38C"
596,"Unit ES_02, Section ES_02-3	EG39"
597,"Unit ES_02, Section ES_02-3	EG39A"
598,"Unit ES_02, Section ES_02-3	EG39B"
599,"Unit ES_02, Section ES_02-3	EG39C"
600,"Unit ES_02, Section ES_02-4	EG32"
601,"Unit ES_02, Section ES_02-4	EG32A"
602,"Unit ES_02, Section ES_02-4	EG32B"
603,"Unit ES_02, Section ES_02-4	EG32C"
604,"Unit ES_02, Section ES_02-4	EG33"
605,"Unit ES_02, Section ES_02-4	EG33A"
606,"Unit ES_02, Section ES_02-4	EG33B"
607,"Unit ES_02, Section ES_02-4	EG33C"
608,"Unit ES_02, Section ES_02-4	EG34"
609,"Unit ES_02, Section ES_02-4	EG34A"
610,"Unit ES_02, Section ES_02-4	EG34B"
611,"Unit ES_02, Section ES_02-4	EG34C"
612,"Unit ES_02, Section ES_02-4	EG35"
613,"Unit ES_02, Section ES_02-4	EG35A"
614,"Unit ES_02, Section ES_02-4	EG35B"
615,"Unit ES_02, Section ES_02-4	EG35C"
616,"Unit ES_02, Section ES_02-4	EG36"
617,"Unit ES_02, Section ES_02-4	EG36A"
618,"Unit ES_02, Section ES_02-4	EG36B"
619,"Unit ES_02, Section ES_02-4	EG37"
620,"Unit ES_02, Section ES_02-4	EG37A"
621,"Unit ES_02, Section ES_02-4	EG37B"
622,"Unit ES_02, Section ES_02-4	EG37C"
623,"Unit ES_02, Section ES_02-4	EG38"
624,"Unit ES_02, Section ES_02-4	EG38A"
625,"Unit ES_02, Section ES_02-4	EG38B"
626,"Unit ES_02, Section ES_02-4	EG38C"
627,"Unit ES_02, Section ES_02-4	EG39"
628,"Unit ES_02, Section ES_02-4	EG39A"
629,"Unit ES_02, Section ES_02-4	EG39B"
630,"Unit ES_02, Section ES_02-4	EG39C"
631,"Unit ES_02, Section ES_02-5	EG40"
632,"Unit ES_02, Section ES_02-6	EG40"
633,"Unit ES_02, Section ES_02-7	EG41"
634,"Unit ES_02, Section ES_02-8	EG41"
635,"Unit ES_02, Section ES_02-9	EG44"
636,"Unit ES_03, Section ES_03-1	EG3-FIXED"
637,"Unit ES_03, Section ES_03-1	EG45"
638,"Unit ES_03, Section ES_03-1	EG45A"
639,"Unit ES_03, Section ES_03-1	EG46"
640,"Unit ES_03, Section ES_03-1	EG46A"
641,"Unit ES_03, Section ES_03-1	EG47"
642,"Unit ES_03, Section ES_03-1	EG47A"
643,"Unit ES_03, Section ES_03-2	EG45"
644,"Unit ES_03, Section ES_03-2	EG45A"
645,"Unit ES_03, Section ES_03-2	EG46"
646,"Unit ES_03, Section ES_03-2	EG46A"
647,"Unit ES_03, Section ES_03-2	EG47"
648,"Unit ES_03, Section ES_03-2	EG47A"
649,"Unit ES_03, Section ES_03-3	EG48"
650,"Unit ES_03, Section ES_03-3	EG48A"
651,"Unit ES_03, Section ES_03-3	EG49"
652,"Unit ES_03, Section ES_03-3	EG49A"
653,"Unit ES_03, Section ES_03-3	EG50"
654,"Unit ES_03, Section ES_03-3	EG50A"
655,"Unit ES_03, Section ES_03-4	EG48"
656,"Unit ES_03, Section ES_03-4	EG48A"
657,"Unit ES_03, Section ES_03-4	EG49"
658,"Unit ES_03, Section ES_03-4	EG49A"
659,"Unit ES_03, Section ES_03-4	EG50"
660,"Unit ES_03, Section ES_03-4	EG50A"
661,"Unit ES_03, Section ES_03-5	EG51"
662,"Unit ES_03, Section ES_03-5	EG51A"
663,"Unit ES_03, Section ES_03-5	EG52"
664,"Unit ES_03, Section ES_03-5	EG52A"
665,"Unit ES_03, Section ES_03-5	EG53"
666,"Unit ES_03, Section ES_03-5	EG53A"
667,"Unit ES_03, Section ES_03-6	EG51"
668,"Unit ES_03, Section ES_03-6	EG51A"
669,"Unit ES_03, Section ES_03-6	EG52"
670,"Unit ES_03, Section ES_03-6	EG52A"
671,"Unit ES_03, Section ES_03-6	EG53"
672,"Unit ES_03, Section ES_03-6	EG53A"
673,"Unit ES_03, Section ES_03-7	LIT1"
674,"Unit ES_03, Section ES_03-7	LIT10"
675,"Unit ES_03, Section ES_03-7	LIT11"
676,"Unit ES_03, Section ES_03-7	LIT12"
677,"Unit ES_03, Section ES_03-7	LIT13"
678,"Unit ES_03, Section ES_03-7	LIT15"
679,"Unit ES_03, Section ES_03-7	LIT16"
680,"Unit ES_03, Section ES_03-7	LIT17"
681,"Unit ES_03, Section ES_03-7	LIT18"
682,"Unit ES_03, Section ES_03-7	LIT2"
683,"Unit ES_03, Section ES_03-7	LIT3"
684,"Unit ES_03, Section ES_03-7	LIT4"
685,"Unit ES_03, Section ES_03-7	LIT5"
686,"Unit ES_03, Section ES_03-7	LIT6"
687,"Unit ES_03, Section ES_03-7	LIT7"
688,"Unit ES_03, Section ES_03-7	LIT8"
689,"Unit ES_03, Section ES_03-7	LIT9"
690,"Unit ES_03, Section ES_03-8	LIT10A"
691,"Unit ES_03, Section ES_03-8	LIT11A"
692,"Unit ES_03, Section ES_03-8	LIT12A"
693,"Unit ES_03, Section ES_03-8	LIT13A"
694,"Unit ES_03, Section ES_03-8	LIT15A"
695,"Unit ES_03, Section ES_03-8	LIT16A"
696,"Unit ES_03, Section ES_03-8	LIT17A"
697,"Unit ES_03, Section ES_03-8	LIT18A"
698,"Unit ES_03, Section ES_03-8	LIT1A"
699,"Unit ES_03, Section ES_03-8	LIT2A"
700,"Unit ES_03, Section ES_03-8	LIT3A"
701,"Unit ES_03, Section ES_03-8	LIT4A"
702,"Unit ES_03, Section ES_03-8	LIT5A"
703,"Unit ES_03, Section ES_03-8	LIT6A"
704,"Unit ES_03, Section ES_03-8	LIT7A"
705,"Unit ES_03, Section ES_03-8	LIT8A"
706,"Unit ES_03, Section ES_03-8	LIT9A"
707,"Unit ES_04, Section ES_04-1	EG4-FIXED"
708,"Unit ES_04, Section ES_04-1	EG40"
709,"Unit ES_04, Section ES_04-10	EG57"
710,"Unit ES_04, Section ES_04-10	EG57A"
711,"Unit ES_04, Section ES_04-11	EG58"
712,"Unit ES_04, Section ES_04-11	EG58A"
713,"Unit ES_04, Section ES_04-12	EG58"
714,"Unit ES_04, Section ES_04-12	EG58A"
715,"Unit ES_04, Section ES_04-13	LIT19"
716,"Unit ES_04, Section ES_04-13	LIT20"
717,"Unit ES_04, Section ES_04-13	LIT21"
718,"Unit ES_04, Section ES_04-13	LIT22"
719,"Unit ES_04, Section ES_04-13	LIT23"
720,"Unit ES_04, Section ES_04-13	LIT24"
721,"Unit ES_04, Section ES_04-13	LIT25"
722,"Unit ES_04, Section ES_04-13	LIT26"
723,"Unit ES_04, Section ES_04-13	LIT27"
724,"Unit ES_04, Section ES_04-13	LIT28"
725,"Unit ES_04, Section ES_04-13	LIT29"
726,"Unit ES_04, Section ES_04-13	LIT30"
727,"Unit ES_04, Section ES_04-13	LIT31"
728,"Unit ES_04, Section ES_04-13	LIT32"
729,"Unit ES_04, Section ES_04-13	LIT33"
730,"Unit ES_04, Section ES_04-13	LIT34"
731,"Unit ES_04, Section ES_04-13	LIT35"
732,"Unit ES_04, Section ES_04-13	LIT36"
733,"Unit ES_04, Section ES_04-13	LIT37"
734,"Unit ES_04, Section ES_04-13	LIT46"
735,"Unit ES_04, Section ES_04-14	LIT19A"
736,"Unit ES_04, Section ES_04-14	LIT20A"
737,"Unit ES_04, Section ES_04-14	LIT21A"
738,"Unit ES_04, Section ES_04-14	LIT22A"
739,"Unit ES_04, Section ES_04-14	LIT23A"
740,"Unit ES_04, Section ES_04-14	LIT24A"
741,"Unit ES_04, Section ES_04-14	LIT25A"
742,"Unit ES_04, Section ES_04-14	LIT26A"
743,"Unit ES_04, Section ES_04-14	LIT27A"
744,"Unit ES_04, Section ES_04-14	LIT28A"
745,"Unit ES_04, Section ES_04-14	LIT29A"
746,"Unit ES_04, Section ES_04-14	LIT30A"
747,"Unit ES_04, Section ES_04-14	LIT31A"
748,"Unit ES_04, Section ES_04-14	LIT32A"
749,"Unit ES_04, Section ES_04-14	LIT33A"
750,"Unit ES_04, Section ES_04-14	LIT34A"
751,"Unit ES_04, Section ES_04-14	LIT35A"
752,"Unit ES_04, Section ES_04-14	LIT36A"
753,"Unit ES_04, Section ES_04-14	LIT37A"
754,"Unit ES_04, Section ES_04-14	LIT46A"
755,"Unit ES_04, Section ES_04-15	LIT54"
756,"Unit ES_04, Section ES_04-15	LIT55"
757,"Unit ES_04, Section ES_04-15	LIT56"
758,"Unit ES_04, Section ES_04-15	LIT57"
759,"Unit ES_04, Section ES_04-15	LIT58"
760,"Unit ES_04, Section ES_04-15	LIT59"
761,"Unit ES_04, Section ES_04-15	LIT60"
762,"Unit ES_04, Section ES_04-16	LIT54A"
763,"Unit ES_04, Section ES_04-16	LIT55"
764,"Unit ES_04, Section ES_04-16	LIT57A"
765,"Unit ES_04, Section ES_04-16	LIT58A"
766,"Unit ES_04, Section ES_04-16	LIT59A"
767,"Unit ES_04, Section ES_04-16	LIT60A"
768,"Unit ES_04, Section ES_04-2	EG40"
769,"Unit ES_04, Section ES_04-3	EG54"
770,"Unit ES_04, Section ES_04-4	EG54"
771,"Unit ES_04, Section ES_04-5	EG55"
772,"Unit ES_04, Section ES_04-5	EG55A"
773,"Unit ES_04, Section ES_04-6	EG55"
774,"Unit ES_04, Section ES_04-6	EG55A"
775,"Unit ES_04, Section ES_04-7	EG56"
776,"Unit ES_04, Section ES_04-7	EG56A"
777,"Unit ES_04, Section ES_04-8	EG56"
778,"Unit ES_04, Section ES_04-8	EG56A"
779,"Unit ES_04, Section ES_04-9	EG57"
780,"Unit ES_04, Section ES_04-9	EG57A"
781,"Unit ES_05, Section ES_05-1	EG42"
782,"Unit ES_05, Section ES_05-1	EG42A"
783,"Unit ES_05, Section ES_05-1	EG42B"
784,"Unit ES_05, Section ES_05-1	EG42C"
785,"Unit ES_05, Section ES_05-1	EG43"
786,"Unit ES_05, Section ES_05-1	EG43A"
787,"Unit ES_05, Section ES_05-1	EG5-FIXED"
788,"Unit ES_05, Section ES_05-10	EG62"
789,"Unit ES_05, Section ES_05-10	EG62A"
790,"Unit ES_05, Section ES_05-11	LIT38"
791,"Unit ES_05, Section ES_05-11	LIT39"
792,"Unit ES_05, Section ES_05-11	LIT40"
793,"Unit ES_05, Section ES_05-11	LIT41"
794,"Unit ES_05, Section ES_05-11	LIT42"
795,"Unit ES_05, Section ES_05-11	LIT43"
796,"Unit ES_05, Section ES_05-11	LIT44"
797,"Unit ES_05, Section ES_05-11	LIT84"
798,"Unit ES_05, Section ES_05-11	LIT85"
799,"Unit ES_05, Section ES_05-11	LIT86"
800,"Unit ES_05, Section ES_05-11	LIT87"
801,"Unit ES_05, Section ES_05-11	LIT88"
802,"Unit ES_05, Section ES_05-11	LIT89"
803,"Unit ES_05, Section ES_05-12	LIT38"
804,"Unit ES_05, Section ES_05-12	LIT39"
805,"Unit ES_05, Section ES_05-12	LIT40"
806,"Unit ES_05, Section ES_05-12	LIT41"
807,"Unit ES_05, Section ES_05-12	LIT42"
808,"Unit ES_05, Section ES_05-12	LIT44"
809,"Unit ES_05, Section ES_05-12	LIT84"
810,"Unit ES_05, Section ES_05-12	LIT85"
811,"Unit ES_05, Section ES_05-12	LIT86"
812,"Unit ES_05, Section ES_05-12	LIT87"
813,"Unit ES_05, Section ES_05-12	LIT88"
814,"Unit ES_05, Section ES_05-12	LIT89"
815,"Unit ES_05, Section ES_05-2	EG42"
816,"Unit ES_05, Section ES_05-2	EG42A"
817,"Unit ES_05, Section ES_05-2	EG42B"
818,"Unit ES_05, Section ES_05-2	EG42C"
819,"Unit ES_05, Section ES_05-2	EG43"
820,"Unit ES_05, Section ES_05-2	EG43A"
821,"Unit ES_05, Section ES_05-3	EG59"
822,"Unit ES_05, Section ES_05-3	EG59A"
823,"Unit ES_05, Section ES_05-4	EG59"
824,"Unit ES_05, Section ES_05-4	EG59A"
825,"Unit ES_05, Section ES_05-5	EG60"
826,"Unit ES_05, Section ES_05-6	EG60"
827,"Unit ES_05, Section ES_05-7	EG61"
828,"Unit ES_05, Section ES_05-8	EG61"
829,"Unit ES_05, Section ES_05-9	EG62"
830,"Unit ES_05, Section ES_05-9	EG62A"
831,"Unit ES_06, Section ES_06-1	EG6-FIXED"
832,"Unit ES_06, Section ES_06-1	EG63"
833,"Unit ES_06, Section ES_06-1	EG63A"
834,"Unit ES_07, Section ES_07-1	LIT47"
835,"Unit ES_07, Section ES_07-1	LIT48"
836,"Unit ES_07, Section ES_07-1	LIT49"
837,"Unit ES_07, Section ES_07-1	LIT50"
838,"Unit ES_07, Section ES_07-1	LIT51"
839,"Unit ES_07, Section ES_07-1	LIT52"
840,"Unit ES_07, Section ES_07-1	LIT53"
841,"Unit ES_07, Section ES_07-2	LIT47A"
842,"Unit ES_07, Section ES_07-2	LIT48A"
843,"Unit ES_07, Section ES_07-2	LIT49A"
844,"Unit ES_07, Section ES_07-2	LIT50A"
845,"Unit ES_07, Section ES_07-2	LIT51A"
846,"Unit ES_07, Section ES_07-2	LIT52A"
847,"Unit ES_07, Section ES_07-2	LIT53A"
848,"Unit ES_07, Section ES_07-3	LIT62"
849,"Unit ES_07, Section ES_07-3	LIT63"
850,"Unit ES_07, Section ES_07-3	LIT64"
851,"Unit ES_07, Section ES_07-3	LIT65"
852,"Unit ES_07, Section ES_07-3	LIT66"
853,"Unit ES_07, Section ES_07-3	LIT67"
854,"Unit ES_07, Section ES_07-3	LIT68"
855,"Unit ES_07, Section ES_07-3	LIT69"
856,"Unit ES_07, Section ES_07-3	LIT70"
857,"Unit ES_07, Section ES_07-4	LIT62A"
858,"Unit ES_07, Section ES_07-4	LIT63A"
859,"Unit ES_07, Section ES_07-4	LIT64A"
860,"Unit ES_07, Section ES_07-4	LIT65A"
861,"Unit ES_07, Section ES_07-4	LIT66A"
862,"Unit ES_07, Section ES_07-4	LIT67A"
863,"Unit ES_07, Section ES_07-4	LIT68A"
864,"Unit ES_07, Section ES_07-4	LIT69A"
865,"Unit ES_07, Section ES_07-4	LIT70A"
866,"Unit ES_07, Section ES_07-5	LIT71"
867,"Unit ES_07, Section ES_07-5	LIT72"
868,"Unit ES_07, Section ES_07-5	LIT73"
869,"Unit ES_07, Section ES_07-5	LIT74"
870,"Unit ES_07, Section ES_07-5	LIT75"
871,"Unit ES_07, Section ES_07-5	LIT76"
872,"Unit ES_07, Section ES_07-5	LIT77"
873,"Unit ES_07, Section ES_07-5	LIT78"
874,"Unit ES_07, Section ES_07-5	LIT79"
875,"Unit ES_07, Section ES_07-5	LIT80"
876,"Unit ES_07, Section ES_07-5	LIT81"
877,"Unit ES_07, Section ES_07-5	LIT82"
878,"Unit ES_07, Section ES_07-5	LIT83"
879,"Unit ES_07, Section ES_07-6	LIT71"
880,"Unit ES_07, Section ES_07-6	LIT72A"
881,"Unit ES_07, Section ES_07-6	LIT73"
882,"Unit ES_07, Section ES_07-6	LIT74A"
883,"Unit ES_07, Section ES_07-6	LIT75A"
884,"Unit ES_07, Section ES_07-6	LIT76A"
885,"Unit ES_07, Section ES_07-6	LIT77A"
886,"Unit ES_07, Section ES_07-6	LIT78A"
887,"Unit ES_07, Section ES_07-6	LIT79A"
888,"Unit ES_07, Section ES_07-6	LIT80A"
889,"Unit ES_07, Section ES_07-6	LIT81A"
890,"Unit ES_07, Section ES_07-6	LIT82A"
891,"Unit ES_07, Section ES_07-6	LIT83A"
892,"Unit EXPT-PRODUCT-SIMP-A_ES, Section EXPT-PRODUCT-SIMPLIFYING-A_ES-1	EG-EPS04"
893,"Unit EXPT-PRODUCT-SIMP-A_ES, Section EXPT-PRODUCT-SIMPLIFYING-A_ES-1	EG-EPS04-FIXED"
894,"Unit EXPT-PRODUCT-SIMP-A_ES, Section EXPT-PRODUCT-SIMPLIFYING-A_ES-1	EG-EPS05"
895,"Unit EXPT-PRODUCT-SIMP-A_ES, Section EXPT-PRODUCT-SIMPLIFYING-A_ES-1	EG-EPS06"
896,"Unit EXPT-PRODUCT-SIMP-A_ES, Section EXPT-PRODUCT-SIMPLIFYING-A_ES-2	EG-EPS07"
897,"Unit EXPT-PRODUCT-SIMP-A_ES, Section EXPT-PRODUCT-SIMPLIFYING-A_ES-2	EG-EPS08"
898,"Unit EXPT-PRODUCT-SIMP-A_ES, Section EXPT-PRODUCT-SIMPLIFYING-A_ES-2	EG-EPS09"
899,"Unit EXPT-PRODUCT-SIMP-A_ES, Section EXPT-PRODUCT-SIMPLIFYING-A_ES-3	EG-EPS01"
900,"Unit EXPT-PRODUCT-SIMP-A_ES, Section EXPT-PRODUCT-SIMPLIFYING-A_ES-3	EG-EPS01-FIXED"
901,"Unit EXPT-PRODUCT-SIMP-A_ES, Section EXPT-PRODUCT-SIMPLIFYING-A_ES-3	EG-EPS02"
902,"Unit EXPT-PRODUCT-SIMP-A_ES, Section EXPT-PRODUCT-SIMPLIFYING-A_ES-3	EG-EPS03"
903,"Unit EXPT-QUOTIENT-SIMP-A_ES, Section EXPT-QUOTIENT-SIMPLIFYING-A_ES-1	EG-EQS04"
904,"Unit EXPT-QUOTIENT-SIMP-A_ES, Section EXPT-QUOTIENT-SIMPLIFYING-A_ES-1	EG-EQS04-FIXED"
905,"Unit EXPT-QUOTIENT-SIMP-A_ES, Section EXPT-QUOTIENT-SIMPLIFYING-A_ES-1	EG-EQS05"
906,"Unit EXPT-QUOTIENT-SIMP-A_ES, Section EXPT-QUOTIENT-SIMPLIFYING-A_ES-1	EG-EQS06"
907,"Unit EXPT-QUOTIENT-SIMP-A_ES, Section EXPT-QUOTIENT-SIMPLIFYING-A_ES-2	EG-EQS07"
908,"Unit EXPT-QUOTIENT-SIMP-A_ES, Section EXPT-QUOTIENT-SIMPLIFYING-A_ES-2	EG-EQS08"
909,"Unit EXPT-QUOTIENT-SIMP-A_ES, Section EXPT-QUOTIENT-SIMPLIFYING-A_ES-2	EG-EQS09"
910,"Unit EXPT-QUOTIENT-SIMP-A_ES, Section EXPT-QUOTIENT-SIMPLIFYING-A_ES-3	EG-EQS01"
911,"Unit EXPT-QUOTIENT-SIMP-A_ES, Section EXPT-QUOTIENT-SIMPLIFYING-A_ES-3	EG-EQS01-FIXED"
912,"Unit EXPT-QUOTIENT-SIMP-A_ES, Section EXPT-QUOTIENT-SIMPLIFYING-A_ES-3	EG-EQS02"
913,"Unit EXPT-QUOTIENT-SIMP-A_ES, Section EXPT-QUOTIENT-SIMPLIFYING-A_ES-3	EG-EQS03"
914,"Unit LINEAR-INEQUALITY-GRAPHING, Section LINEAR-INEQUALITY-GRAPHING-1	YGTX-7"
915,"Unit LINEAR-INEQUALITY-GRAPHING, Section LINEAR-INEQUALITY-GRAPHING-2	2X+3YGT9"
916,"Unit LINEAR-INEQUALITY-GRAPHING, Section LINEAR-INEQUALITY-GRAPHING-2	2X+YGE6"
917,"Unit LINEAR-INEQUALITY-GRAPHING, Section LINEAR-INEQUALITY-GRAPHING-2	3X-YLT6"
918,"Unit LINEAR-INEQUALITY-GRAPHING, Section LINEAR-INEQUALITY-GRAPHING-2	4X-5YGT40"
919,"Unit LINEAR-INEQUALITY-GRAPHING, Section LINEAR-INEQUALITY-GRAPHING-2	7X-4YGE15"
920,"Unit LINEAR-INEQUALITY-GRAPHING, Section LINEAR-INEQUALITY-GRAPHING-2	P-2X+5YGT10"
921,"Unit LINEAR-INEQUALITY-GRAPHING, Section LINEAR-INEQUALITY-GRAPHING-2	P-2X+YLE9"
922,"Unit LINEAR-INEQUALITY-GRAPHING, Section LINEAR-INEQUALITY-GRAPHING-2	P-2X-2YGE9"
923,"Unit LINEAR-INEQUALITY-GRAPHING, Section LINEAR-INEQUALITY-GRAPHING-2	P-3X-7YLE14"
924,"Unit LINEAR-INEQUALITY-GRAPHING, Section LINEAR-INEQUALITY-GRAPHING-2	P-3X-YLT6"
925,"Unit LINEAR-INEQUALITY-GRAPHING, Section LINEAR-INEQUALITY-GRAPHING-2	X-3YGE20"
926,"Unit LINEAR-INEQUALITY-GRAPHING, Section LINEAR-INEQUALITY-GRAPHING-2	XGE0"
927,"Unit LINEAR-INEQUALITY-GRAPHING, Section LINEAR-INEQUALITY-GRAPHING-2	XLT150"
928,"Unit LINEAR-INEQUALITY-GRAPHING, Section LINEAR-INEQUALITY-GRAPHING-2	YGE0"
929,"Unit LINEAR-INEQUALITY-GRAPHING, Section LINEAR-INEQUALITY-GRAPHING-2	YGE2X+7"
930,"Unit LINEAR-INEQUALITY-GRAPHING, Section LINEAR-INEQUALITY-GRAPHING-2	YGE4X-11"
931,"Unit LINEAR-INEQUALITY-GRAPHING, Section LINEAR-INEQUALITY-GRAPHING-2	YGT-2X"
932,"Unit LINEAR-INEQUALITY-GRAPHING, Section LINEAR-INEQUALITY-GRAPHING-2	YGT-4X-10"
933,"Unit LINEAR-INEQUALITY-GRAPHING, Section LINEAR-INEQUALITY-GRAPHING-2	YGT5X+12"
934,"Unit LINEAR-INEQUALITY-GRAPHING, Section LINEAR-INEQUALITY-GRAPHING-2	YLE-3X-13"
935,"Unit LINEAR-INEQUALITY-GRAPHING, Section LINEAR-INEQUALITY-GRAPHING-2	YLE-7X+20"
936,"Unit LINEAR-INEQUALITY-GRAPHING, Section LINEAR-INEQUALITY-GRAPHING-2	YLEX+7"
937,"Unit LINEAR-INEQUALITY-GRAPHING, Section LINEAR-INEQUALITY-GRAPHING-2	YLT-X-4"
938,"Unit LINEAR-INEQUALITY-GRAPHING, Section LINEAR-INEQUALITY-GRAPHING-2	YLT250"
939,"Unit LINEAR-INEQUALITY-GRAPHING, Section LINEAR-INEQUALITY-GRAPHING-2	YLT2X-5"
940,"Unit LINEAR-INEQUALITY-GRAPHING, Section LINEAR-INEQUALITY-GRAPHING-2	YLT3X+5"
941,"Unit QUAD-ADD-AREA-ALG1, Section QUAD-ADD-AREA-ALG1-1	NEWSQUARE1TRE"
942,"Unit QUAD-ADD-AREA-ALG1, Section QUAD-ADD-AREA-ALG1-1	NEWSQUARE2TRE"
943,"Unit QUAD-ADD-AREA-ALG1, Section QUAD-ADD-AREA-ALG1-1	NEWSQUARE3TRE"
944,"Unit QUAD-ADD-AREA-ALG1, Section QUAD-ADD-AREA-ALG1-1	NEWSQUARE4TRE"
945,"Unit QUAD-ADD-AREA-ALG1, Section QUAD-ADD-AREA-ALG1-1	NEWSQUARE5TRE"
946,"Unit QUAD-ADD-AREA-ALG1, Section QUAD-ADD-AREA-ALG1-1	NEWSQUARE7TRE"
947,"Unit QUAD-ADD-AREA-ALG1, Section QUAD-ADD-AREA-ALG1-1	NEWSQUARE8TRE"
948,"Unit QUAD-VERTICAL-MOTION, Section QUAD-VERTICAL-MOTION-1	NEWQUAD10TRE"
949,"Unit QUAD-VERTICAL-MOTION, Section QUAD-VERTICAL-MOTION-1	NEWQUAD11TRE"
950,"Unit QUAD-VERTICAL-MOTION, Section QUAD-VERTICAL-MOTION-1	NEWQUAD1TRE"
951,"Unit QUAD-VERTICAL-MOTION, Section QUAD-VERTICAL-MOTION-1	NEWQUAD2TRE"
952,"Unit QUAD-VERTICAL-MOTION, Section QUAD-VERTICAL-MOTION-1	NEWQUAD3TRE"
953,"Unit QUAD-VERTICAL-MOTION, Section QUAD-VERTICAL-MOTION-1	NEWQUAD4TRE"
954,"Unit QUAD-VERTICAL-MOTION, Section QUAD-VERTICAL-MOTION-1	NEWQUAD5TRE"
955,"Unit QUAD-VERTICAL-MOTION, Section QUAD-VERTICAL-MOTION-1	NEWQUAD6TRE"
956,"Unit QUAD-VERTICAL-MOTION, Section QUAD-VERTICAL-MOTION-1	NEWQUAD7TRE"
957,"Unit QUAD-VERTICAL-MOTION, Section QUAD-VERTICAL-MOTION-1	NEWQUAD8TRE"
958,"Unit QUAD-VERTICAL-MOTION, Section QUAD-VERTICAL-MOTION-1	NEWQUAD9TRE"
959,"Unit QUADRATICS-FACTORING_ES, Section QUADRATICS-FACTORING_ES-1	EG-FACTOR01"
960,"Unit QUADRATICS-FACTORING_ES, Section QUADRATICS-FACTORING_ES-1	EG-FACTOR02"
961,"Unit QUADRATICS-FACTORING_ES, Section QUADRATICS-FACTORING_ES-1	EG-FACTOR03"
962,"Unit QUADRATICS-FACTORING_ES, Section QUADRATICS-FACTORING_ES-1	EG-FACTOR04"
963,"Unit QUADRATICS-FACTORING_ES, Section QUADRATICS-FACTORING_ES-1	EG-FACTOR05"
964,"Unit QUADRATICS-FACTORING_ES, Section QUADRATICS-FACTORING_ES-1	EG-FACTOR06"
965,"Unit QUADRATICS-FACTORING_ES, Section QUADRATICS-FACTORING_ES-1	EG-FACTOR07"
966,"Unit QUADRATICS-FACTORING_ES, Section QUADRATICS-FACTORING_ES-1	EG-FACTOR08"
967,"Unit QUADRATICS-FACTORING_ES, Section QUADRATICS-FACTORING_ES-1	EG-FACTOR09"
968,"Unit QUADRATICS-FACTORING_ES, Section QUADRATICS-FACTORING_ES-1	EG-FACTOR10"
969,"Unit QUADRATICS-FACTORING_ES, Section QUADRATICS-FACTORING_ES-1	EG-FACTOR11"
970,"Unit QUADRATICS-FACTORING_ES, Section QUADRATICS-FACTORING_ES-1	EG-FACTOR12"
971,"Unit QUADRATICS-FACTORING_ES, Section QUADRATICS-FACTORING_ES-1	EG-FACTOR13"
972,"Unit QUADRATICS-FACTORING_ES, Section QUADRATICS-FACTORING_ES-1	EG-FACTOR14"
973,"Unit QUADRATICS-FACTORING_ES, Section QUADRATICS-FACTORING_ES-1	EG-FACTOR15"
974,"Unit QUADRATICS-FACTORING_ES, Section QUADRATICS-FACTORING_ES-1	EG-FACTOR16"
975,"Unit QUADRATICS-FACTORING_ES, Section QUADRATICS-FACTORING_ES-1	EG-FACTOR17"
976,"Unit QUADRATICS-FACTORING_ES, Section QUADRATICS-FACTORING_ES-1	EG-FACTOR18"
977,"Unit QUADRATICS-FACTORING_ES, Section QUADRATICS-FACTORING_ES-1	EG-FACTOR19"
978,"Unit QUADRATICS-FACTORING_ES, Section QUADRATICS-FACTORING_ES-1	EG-FACTOR20"
979,"Unit QUADRATICS-FACTORING_ES, Section QUADRATICS-FACTORING_ES-2	EG-FACTOR21"
980,"Unit QUADRATICS-FACTORING_ES, Section QUADRATICS-FACTORING_ES-2	EG-FACTOR22"
981,"Unit QUADRATICS-FACTORING_ES, Section QUADRATICS-FACTORING_ES-2	EG-FACTOR23"
982,"Unit QUADRATICS-FACTORING_ES, Section QUADRATICS-FACTORING_ES-2	EG-FACTOR24"
983,"Unit QUADRATICS-FACTORING_ES, Section QUADRATICS-FACTORING_ES-2	EG-FACTOR25"
984,"Unit QUADRATICS-FACTORING_ES, Section QUADRATICS-FACTORING_ES-2	EG-FACTOR26"
985,"Unit QUADRATICS-FACTORING_ES, Section QUADRATICS-FACTORING_ES-2	EG-FACTOR27"
986,"Unit QUADRATICS-FACTORING_ES, Section QUADRATICS-FACTORING_ES-2	EG-FACTOR28"
987,"Unit QUADRATICS-FACTORING_ES, Section QUADRATICS-FACTORING_ES-2	EG-FACTOR29"
988,"Unit QUADRATICS-FACTORING_ES, Section QUADRATICS-FACTORING_ES-2	EG-FACTOR30"
989,"Unit QUADRATICS-FACTORING_ES, Section QUADRATICS-FACTORING_ES-2	EG-FACTOR31"
990,"Unit QUADRATICS-FACTORING_ES, Section QUADRATICS-FACTORING_ES-2	EG-FACTOR32"
991,"Unit QUADRATICS-FACTORING_ES, Section QUADRATICS-FACTORING_ES-2	EG-FACTOR33"
992,"Unit QUADRATICS-FACTORING_ES, Section QUADRATICS-FACTORING_ES-2	EG-FACTOR34"
993,"Unit QUADRATICS-FACTORING_ES, Section QUADRATICS-FACTORING_ES-2	EG-FACTOR35"
994,"Unit QUADRATICS-FACTORING_ES, Section QUADRATICS-FACTORING_ES-2	EG-FACTOR36"
995,"Unit QUADRATICS-FACTORING_ES, Section QUADRATICS-FACTORING_ES-2	EG-FACTOR37"
996,"Unit QUADRATICS-FACTORING_ES, Section QUADRATICS-FACTORING_ES-2	EG-FACTOR38"
997,"Unit QUADRATICS-FACTORING_ES, Section QUADRATICS-FACTORING_ES-2	EG-FACTOR39"
998,"Unit QUADRATICS-FACTORING_ES, Section QUADRATICS-FACTORING_ES-2	EG-FACTOR40"
999,"Unit QUADRATICS-FACTORING_ES, Section QUADRATICS-FACTORING_ES-2	EG-FACTOR41"
1000,"Unit QUADRATICS-FACTORING_ES, Section QUADRATICS-FACTORING_ES-2	EG-FACTOR42"
1001,"Unit QUADRATICS-FACTORING_ES, Section QUADRATICS-FACTORING_ES-2	EG-FACTOR43"
1002,"Unit QUADRATICS-FACTORING_ES, Section QUADRATICS-FACTORING_ES-2	EG-FACTOR44"
1003,"Unit QUADRATICS-FACTORING_ES, Section QUADRATICS-FACTORING_ES-2	EG-FACTOR45"
1004,"Unit QUADRATICS-FACTORING_ES, Section QUADRATICS-FACTORING_ES-2	EG-FACTOR46"
1005,"Unit QUADRATICS-FACTORING_ES, Section QUADRATICS-FACTORING_ES-2	EG-FACTOR47"
1006,"Unit QUADRATICS-FACTORING_ES, Section QUADRATICS-FACTORING_ES-2	EG-FACTOR48"
1007,"Unit QUADRATICS-FACTORING_ES, Section QUADRATICS-FACTORING_ES-2	EG-FACTOR49"
1008,"Unit QUADRATICS-FACTORING_ES, Section QUADRATICS-FACTORING_ES-2	EG-FACTOR50"
1009,"Unit QUADRATICS-SOLVING_ES, Section QUADRATICS-SOLVING_ES-1	EG-S-FACTOR01"
1010,"Unit QUADRATICS-SOLVING_ES, Section QUADRATICS-SOLVING_ES-1	EG-S-FACTOR02"
1011,"Unit QUADRATICS-SOLVING_ES, Section QUADRATICS-SOLVING_ES-1	EG-S-FACTOR03"
1012,"Unit QUADRATICS-SOLVING_ES, Section QUADRATICS-SOLVING_ES-1	EG-S-FACTOR04"
1013,"Unit QUADRATICS-SOLVING_ES, Section QUADRATICS-SOLVING_ES-1	EG-S-FACTOR05"
1014,"Unit QUADRATICS-SOLVING_ES, Section QUADRATICS-SOLVING_ES-1	EG-S-FACTOR06"
1015,"Unit QUADRATICS-SOLVING_ES, Section QUADRATICS-SOLVING_ES-1	EG-S-FACTOR07"
1016,"Unit QUADRATICS-SOLVING_ES, Section QUADRATICS-SOLVING_ES-1	EG-S-FACTOR08"
1017,"Unit QUADRATICS-SOLVING_ES, Section QUADRATICS-SOLVING_ES-1	EG-S-FACTOR09"
1018,"Unit QUADRATICS-SOLVING_ES, Section QUADRATICS-SOLVING_ES-1	EG-S-FACTOR10"
1019,"Unit QUADRATICS-SOLVING_ES, Section QUADRATICS-SOLVING_ES-1	EG-S-FACTOR11"
1020,"Unit QUADRATICS-SOLVING_ES, Section QUADRATICS-SOLVING_ES-1	EG-S-FACTOR12"
1021,"Unit QUADRATICS-SOLVING_ES, Section QUADRATICS-SOLVING_ES-1	EG-S-FACTOR13"
1022,"Unit QUADRATICS-SOLVING_ES, Section QUADRATICS-SOLVING_ES-1	EG-S-FACTOR14"
1023,"Unit QUADRATICS-SOLVING_ES, Section QUADRATICS-SOLVING_ES-1	EG-S-FACTOR15"
1024,"Unit QUADRATICS-SOLVING_ES, Section QUADRATICS-SOLVING_ES-1	EG-S-FACTOR16"
1025,"Unit QUADRATICS-SOLVING_ES, Section QUADRATICS-SOLVING_ES-1	EG-S-FACTOR17"
1026,"Unit QUADRATICS-SOLVING_ES, Section QUADRATICS-SOLVING_ES-1	EG-S-FACTOR18"
1027,"Unit QUADRATICS-SOLVING_ES, Section QUADRATICS-SOLVING_ES-1	EG-S-FACTOR19"
1028,"Unit QUADRATICS-SOLVING_ES, Section QUADRATICS-SOLVING_ES-1	EG-S-FACTOR20"
1029,"Unit QUADRATICS-SOLVING_ES, Section QUADRATICS-SOLVING_ES-1	EG-S-FACTOR21"
1030,"Unit QUADRATICS-SOLVING_ES, Section QUADRATICS-SOLVING_ES-1	EG-S-FACTOR22"
1031,"Unit QUADRATICS-SOLVING_ES, Section QUADRATICS-SOLVING_ES-1	EG-S-FACTOR23"
1032,"Unit QUADRATICS-SOLVING_ES, Section QUADRATICS-SOLVING_ES-1	EG-S-FACTOR24"
1033,"Unit QUADRATICS-SOLVING_ES, Section QUADRATICS-SOLVING_ES-1	EG-S-FACTOR25"
1034,"Unit QUADRATICS-SOLVING_ES, Section QUADRATICS-SOLVING_ES-1	EG-S-FACTOR26"
1035,"Unit QUADRATICS-SOLVING_ES, Section QUADRATICS-SOLVING_ES-1	EG-S-FACTOR27"
1036,"Unit QUADRATICS-SOLVING_ES, Section QUADRATICS-SOLVING_ES-1	EG-S-FACTOR28"
1037,"Unit QUADRATICS-SOLVING_ES, Section QUADRATICS-SOLVING_ES-1	EG-S-FACTOR29"
1038,"Unit QUADRATICS-SOLVING_ES, Section QUADRATICS-SOLVING_ES-1	EG-S-FACTOR30"
1039,"Unit QuadLinearFuncTrans, Section QLFuncTrans1	TRANSFORMV001"
1040,"Unit QuadLinearFuncTrans, Section QLFuncTrans1	TRANSFORMV002"
1041,"Unit QuadLinearFuncTrans, Section QLFuncTrans1	TRANSFORMV003"
1042,"Unit QuadLinearFuncTrans, Section QLFuncTrans1	TRANSFORMV004"
1043,"Unit QuadLinearFuncTrans, Section QLFuncTrans1	TRANSFORMV005"
1044,"Unit QuadLinearFuncTrans, Section QLFuncTrans1	TRANSFORMV006"
1045,"Unit QuadLinearFuncTrans, Section QLFuncTrans1	TRANSFORMV007"
1046,"Unit QuadLinearFuncTrans, Section QLFuncTrans1	TRANSFORMV008"
1047,"Unit QuadLinearFuncTrans, Section QLFuncTrans1	TRANSFORMV009"
1048,"Unit QuadLinearFuncTrans, Section QLFuncTrans1	TRANSFORMV010"
1049,"Unit QuadLinearFuncTrans, Section QLFuncTrans1	TRANSFORMV011"
1050,"Unit QuadLinearFuncTrans, Section QLFuncTrans1	TRANSFORMV012"
1051,"Unit QuadLinearFuncTrans, Section QLFuncTrans10	TRANSFORMA047"
1052,"Unit QuadLinearFuncTrans, Section QLFuncTrans10	TRANSFORMA049"
1053,"Unit QuadLinearFuncTrans, Section QLFuncTrans10	TRANSFORMA050"
1054,"Unit QuadLinearFuncTrans, Section QLFuncTrans10	TRANSFORMA051"
1055,"Unit QuadLinearFuncTrans, Section QLFuncTrans10	TRANSFORMA052"
1056,"Unit QuadLinearFuncTrans, Section QLFuncTrans10	TRANSFORMA053"
1057,"Unit QuadLinearFuncTrans, Section QLFuncTrans10	TRANSFORMA054"
1058,"Unit QuadLinearFuncTrans, Section QLFuncTrans10	TRANSFORMG057"
1059,"Unit QuadLinearFuncTrans, Section QLFuncTrans10	TRANSFORMG058"
1060,"Unit QuadLinearFuncTrans, Section QLFuncTrans10	TRANSFORMG059"
1061,"Unit QuadLinearFuncTrans, Section QLFuncTrans10	TRANSFORMG061"
1062,"Unit QuadLinearFuncTrans, Section QLFuncTrans10	TRANSFORMG062"
1063,"Unit QuadLinearFuncTrans, Section QLFuncTrans10	TRANSFORMG063"
1064,"Unit QuadLinearFuncTrans, Section QLFuncTrans10	TRANSFORMG064"
1065,"Unit QuadLinearFuncTrans, Section QLFuncTrans10	TRANSFORMV036"
1066,"Unit QuadLinearFuncTrans, Section QLFuncTrans10	TRANSFORMV039"
1067,"Unit QuadLinearFuncTrans, Section QLFuncTrans10	TRANSFORMV040"
1068,"Unit QuadLinearFuncTrans, Section QLFuncTrans10	TRANSFORMV041"
1069,"Unit QuadLinearFuncTrans, Section QLFuncTrans10	TRANSFORMV042"
1070,"Unit QuadLinearFuncTrans, Section QLFuncTrans11	TRANSFORMN017"
1071,"Unit QuadLinearFuncTrans, Section QLFuncTrans11	TRANSFORMN018"
1072,"Unit QuadLinearFuncTrans, Section QLFuncTrans11	TRANSFORMN019"
1073,"Unit QuadLinearFuncTrans, Section QLFuncTrans11	TRANSFORMN020"
1074,"Unit QuadLinearFuncTrans, Section QLFuncTrans11	TRANSFORMN022"
1075,"Unit QuadLinearFuncTrans, Section QLFuncTrans11	TRANSFORMN024"
1076,"Unit QuadLinearFuncTrans, Section QLFuncTrans11	TRANSFORMN025"
1077,"Unit QuadLinearFuncTrans, Section QLFuncTrans11	TRANSFORMN026"
1078,"Unit QuadLinearFuncTrans, Section QLFuncTrans11	TRANSFORMN027"
1079,"Unit QuadLinearFuncTrans, Section QLFuncTrans11	TRANSFORMN028"
1080,"Unit QuadLinearFuncTrans, Section QLFuncTrans11	TRANSFORMN029"
1081,"Unit QuadLinearFuncTrans, Section QLFuncTrans11	TRANSFORMN030"
1082,"Unit QuadLinearFuncTrans, Section QLFuncTrans11	TRANSFORMN031"
1083,"Unit QuadLinearFuncTrans, Section QLFuncTrans11	TRANSFORMN032"
1084,"Unit QuadLinearFuncTrans, Section QLFuncTrans2	TRANSFORMG001"
1085,"Unit QuadLinearFuncTrans, Section QLFuncTrans2	TRANSFORMG002"
1086,"Unit QuadLinearFuncTrans, Section QLFuncTrans2	TRANSFORMG003"
1087,"Unit QuadLinearFuncTrans, Section QLFuncTrans2	TRANSFORMG004"
1088,"Unit QuadLinearFuncTrans, Section QLFuncTrans2	TRANSFORMG005"
1089,"Unit QuadLinearFuncTrans, Section QLFuncTrans2	TRANSFORMG006"
1090,"Unit QuadLinearFuncTrans, Section QLFuncTrans2	TRANSFORMG007"
1091,"Unit QuadLinearFuncTrans, Section QLFuncTrans2	TRANSFORMG008"
1092,"Unit QuadLinearFuncTrans, Section QLFuncTrans2	TRANSFORMG009"
1093,"Unit QuadLinearFuncTrans, Section QLFuncTrans2	TRANSFORMG010"
1094,"Unit QuadLinearFuncTrans, Section QLFuncTrans2	TRANSFORMG011"
1095,"Unit QuadLinearFuncTrans, Section QLFuncTrans2	TRANSFORMG012"
1096,"Unit QuadLinearFuncTrans, Section QLFuncTrans3	TRANSFORMA001"
1097,"Unit QuadLinearFuncTrans, Section QLFuncTrans3	TRANSFORMA002"
1098,"Unit QuadLinearFuncTrans, Section QLFuncTrans3	TRANSFORMA003"
1099,"Unit QuadLinearFuncTrans, Section QLFuncTrans3	TRANSFORMA004"
1100,"Unit QuadLinearFuncTrans, Section QLFuncTrans3	TRANSFORMA005"
1101,"Unit QuadLinearFuncTrans, Section QLFuncTrans3	TRANSFORMA006"
1102,"Unit QuadLinearFuncTrans, Section QLFuncTrans3	TRANSFORMA007"
1103,"Unit QuadLinearFuncTrans, Section QLFuncTrans3	TRANSFORMA008"
1104,"Unit QuadLinearFuncTrans, Section QLFuncTrans3	TRANSFORMA009"
1105,"Unit QuadLinearFuncTrans, Section QLFuncTrans3	TRANSFORMA010"
1106,"Unit QuadLinearFuncTrans, Section QLFuncTrans3	TRANSFORMA011"
1107,"Unit QuadLinearFuncTrans, Section QLFuncTrans3	TRANSFORMA012"
1108,"Unit QuadLinearFuncTrans, Section QLFuncTrans4	TRANSFORMG013"
1109,"Unit QuadLinearFuncTrans, Section QLFuncTrans4	TRANSFORMG014"
1110,"Unit QuadLinearFuncTrans, Section QLFuncTrans4	TRANSFORMG015"
1111,"Unit QuadLinearFuncTrans, Section QLFuncTrans4	TRANSFORMG016"
1112,"Unit QuadLinearFuncTrans, Section QLFuncTrans4	TRANSFORMG017"
1113,"Unit QuadLinearFuncTrans, Section QLFuncTrans4	TRANSFORMG018"
1114,"Unit QuadLinearFuncTrans, Section QLFuncTrans4	TRANSFORMG019"
1115,"Unit QuadLinearFuncTrans, Section QLFuncTrans4	TRANSFORMG020"
1116,"Unit QuadLinearFuncTrans, Section QLFuncTrans4	TRANSFORMG021"
1117,"Unit QuadLinearFuncTrans, Section QLFuncTrans4	TRANSFORMG022"
1118,"Unit QuadLinearFuncTrans, Section QLFuncTrans4	TRANSFORMG023"
1119,"Unit QuadLinearFuncTrans, Section QLFuncTrans4	TRANSFORMG024"
1120,"Unit QuadLinearFuncTrans, Section QLFuncTrans4	TRANSFORMG025"
1121,"Unit QuadLinearFuncTrans, Section QLFuncTrans4	TRANSFORMG026"
1122,"Unit QuadLinearFuncTrans, Section QLFuncTrans4	TRANSFORMG027"
1123,"Unit QuadLinearFuncTrans, Section QLFuncTrans4	TRANSFORMG028"
1124,"Unit QuadLinearFuncTrans, Section QLFuncTrans5	TRANSFORMA013"
1125,"Unit QuadLinearFuncTrans, Section QLFuncTrans5	TRANSFORMA014"
1126,"Unit QuadLinearFuncTrans, Section QLFuncTrans5	TRANSFORMA015"
1127,"Unit QuadLinearFuncTrans, Section QLFuncTrans5	TRANSFORMA016"
1128,"Unit QuadLinearFuncTrans, Section QLFuncTrans5	TRANSFORMA017"
1129,"Unit QuadLinearFuncTrans, Section QLFuncTrans5	TRANSFORMA018"
1130,"Unit QuadLinearFuncTrans, Section QLFuncTrans5	TRANSFORMA019"
1131,"Unit QuadLinearFuncTrans, Section QLFuncTrans5	TRANSFORMA020"
1132,"Unit QuadLinearFuncTrans, Section QLFuncTrans5	TRANSFORMA021"
1133,"Unit QuadLinearFuncTrans, Section QLFuncTrans5	TRANSFORMA022"
1134,"Unit QuadLinearFuncTrans, Section QLFuncTrans5	TRANSFORMA023"
1135,"Unit QuadLinearFuncTrans, Section QLFuncTrans5	TRANSFORMA024"
1136,"Unit QuadLinearFuncTrans, Section QLFuncTrans6	TRANSFORMA031"
1137,"Unit QuadLinearFuncTrans, Section QLFuncTrans6	TRANSFORMA032"
1138,"Unit QuadLinearFuncTrans, Section QLFuncTrans6	TRANSFORMA033"
1139,"Unit QuadLinearFuncTrans, Section QLFuncTrans6	TRANSFORMA034"
1140,"Unit QuadLinearFuncTrans, Section QLFuncTrans6	TRANSFORMA035"
1141,"Unit QuadLinearFuncTrans, Section QLFuncTrans6	TRANSFORMA036"
1142,"Unit QuadLinearFuncTrans, Section QLFuncTrans6	TRANSFORMG035"
1143,"Unit QuadLinearFuncTrans, Section QLFuncTrans6	TRANSFORMG036"
1144,"Unit QuadLinearFuncTrans, Section QLFuncTrans6	TRANSFORMG037"
1145,"Unit QuadLinearFuncTrans, Section QLFuncTrans6	TRANSFORMG038"
1146,"Unit QuadLinearFuncTrans, Section QLFuncTrans6	TRANSFORMG039"
1147,"Unit QuadLinearFuncTrans, Section QLFuncTrans6	TRANSFORMG040"
1148,"Unit QuadLinearFuncTrans, Section QLFuncTrans6	TRANSFORMV019"
1149,"Unit QuadLinearFuncTrans, Section QLFuncTrans6	TRANSFORMV020"
1150,"Unit QuadLinearFuncTrans, Section QLFuncTrans6	TRANSFORMV021"
1151,"Unit QuadLinearFuncTrans, Section QLFuncTrans6	TRANSFORMV022"
1152,"Unit QuadLinearFuncTrans, Section QLFuncTrans6	TRANSFORMV023"
1153,"Unit QuadLinearFuncTrans, Section QLFuncTrans6	TRANSFORMV024"
1154,"Unit QuadLinearFuncTrans, Section QLFuncTrans7	TRANSFORMA037"
1155,"Unit QuadLinearFuncTrans, Section QLFuncTrans7	TRANSFORMA038"
1156,"Unit QuadLinearFuncTrans, Section QLFuncTrans7	TRANSFORMA039"
1157,"Unit QuadLinearFuncTrans, Section QLFuncTrans7	TRANSFORMA040"
1158,"Unit QuadLinearFuncTrans, Section QLFuncTrans7	TRANSFORMA041"
1159,"Unit QuadLinearFuncTrans, Section QLFuncTrans7	TRANSFORMA042"
1160,"Unit QuadLinearFuncTrans, Section QLFuncTrans7	TRANSFORMA043"
1161,"Unit QuadLinearFuncTrans, Section QLFuncTrans7	TRANSFORMA044"
1162,"Unit QuadLinearFuncTrans, Section QLFuncTrans7	TRANSFORMA045"
1163,"Unit QuadLinearFuncTrans, Section QLFuncTrans7	TRANSFORMA046"
1164,"Unit QuadLinearFuncTrans, Section QLFuncTrans7	TRANSFORMV025"
1165,"Unit QuadLinearFuncTrans, Section QLFuncTrans7	TRANSFORMV026"
1166,"Unit QuadLinearFuncTrans, Section QLFuncTrans7	TRANSFORMV027"
1167,"Unit QuadLinearFuncTrans, Section QLFuncTrans7	TRANSFORMV028"
1168,"Unit QuadLinearFuncTrans, Section QLFuncTrans7	TRANSFORMV029"
1169,"Unit QuadLinearFuncTrans, Section QLFuncTrans7	TRANSFORMV030"
1170,"Unit QuadLinearFuncTrans, Section QLFuncTrans7	TRANSFORMV031"
1171,"Unit QuadLinearFuncTrans, Section QLFuncTrans7	TRANSFORMV032"
1172,"Unit QuadLinearFuncTrans, Section QLFuncTrans7	TRANSFORMV033"
1173,"Unit QuadLinearFuncTrans, Section QLFuncTrans7	TRANSFORMV034"
1174,"Unit QuadLinearFuncTrans, Section QLFuncTrans8	TRANSFORMG041"
1175,"Unit QuadLinearFuncTrans, Section QLFuncTrans8	TRANSFORMG042"
1176,"Unit QuadLinearFuncTrans, Section QLFuncTrans8	TRANSFORMG043"
1177,"Unit QuadLinearFuncTrans, Section QLFuncTrans8	TRANSFORMG044"
1178,"Unit QuadLinearFuncTrans, Section QLFuncTrans8	TRANSFORMG045"
1179,"Unit QuadLinearFuncTrans, Section QLFuncTrans8	TRANSFORMG046"
1180,"Unit QuadLinearFuncTrans, Section QLFuncTrans8	TRANSFORMG047"
1181,"Unit QuadLinearFuncTrans, Section QLFuncTrans8	TRANSFORMG048"
1182,"Unit QuadLinearFuncTrans, Section QLFuncTrans8	TRANSFORMG049"
1183,"Unit QuadLinearFuncTrans, Section QLFuncTrans8	TRANSFORMG050"
1184,"Unit QuadLinearFuncTrans, Section QLFuncTrans8	TRANSFORMG051"
1185,"Unit QuadLinearFuncTrans, Section QLFuncTrans8	TRANSFORMG052"
1186,"Unit QuadLinearFuncTrans, Section QLFuncTrans8	TRANSFORMG053"
1187,"Unit QuadLinearFuncTrans, Section QLFuncTrans8	TRANSFORMG054"
1188,"Unit QuadLinearFuncTrans, Section QLFuncTrans8	TRANSFORMG055"
1189,"Unit QuadLinearFuncTrans, Section QLFuncTrans8	TRANSFORMG056"
1190,"Unit QuadLinearFuncTrans, Section QLFuncTrans9	TRANSFORMN001"
1191,"Unit QuadLinearFuncTrans, Section QLFuncTrans9	TRANSFORMN002"
1192,"Unit QuadLinearFuncTrans, Section QLFuncTrans9	TRANSFORMN003"
1193,"Unit QuadLinearFuncTrans, Section QLFuncTrans9	TRANSFORMN004"
1194,"Unit QuadLinearFuncTrans, Section QLFuncTrans9	TRANSFORMN005"
1195,"Unit QuadLinearFuncTrans, Section QLFuncTrans9	TRANSFORMN006"
1196,"Unit QuadLinearFuncTrans, Section QLFuncTrans9	TRANSFORMN007"
1197,"Unit QuadLinearFuncTrans, Section QLFuncTrans9	TRANSFORMN008"
1198,"Unit QuadLinearFuncTrans, Section QLFuncTrans9	TRANSFORMN009"
1199,"Unit QuadLinearFuncTrans, Section QLFuncTrans9	TRANSFORMN010"
1200,"Unit QuadLinearFuncTrans, Section QLFuncTrans9	TRANSFORMN011"
1201,"Unit QuadLinearFuncTrans, Section QLFuncTrans9	TRANSFORMN012"
1202,"Unit QuadLinearFuncTrans, Section QLFuncTrans9	TRANSFORMN013"
1203,"Unit QuadLinearFuncTrans, Section QLFuncTrans9	TRANSFORMN014"
1204,"Unit QuadLinearFuncTrans, Section QLFuncTrans9	TRANSFORMN015"
1205,"Unit QuadLinearFuncTrans, Section QLFuncTrans9	TRANSFORMN016"
