user_id,anon_student_id
0,02ZjVTxC34
1,02i5jCrfQK
2,0493L6bGa9
3,04N6FdP4pd
4,075kbY53c1
5,081u59Iq1D
6,0BrbPbwCMz
7,0GlR30c2Mt
8,0KS4yy9G96
9,0U9x5pNv8t
10,0YvZonpLW8
11,0ZroSLGL09
12,0ccXSz8Bk8
13,0jSb6S70X1
14,0nF0z1401O
15,0u17bw7v7w
16,0w3IAZa8rQ
17,0w8srd7i18
18,11fnXrq9Jf
19,12M70dm49w
20,12ss7J5ug6
21,12ws2Vy47j
22,13yR9KFHCI
23,15V4J8fDs3
24,162lfGskK2
25,16zN4n2fFO
26,1793z4bHHR
27,183ppvOXp8
28,19UbXBlPPK
29,1CI7f2R98c
30,1DlUV9t495
31,1Nf2932GeH
32,1bJbgQ32E3
33,1hQzlO49di
34,1iPV6aca5w
35,1k3GIfwBw6
36,1kKxS8urAH
37,1to8tgu4IT
38,1wJ0kz1I0l
39,1z5YH40155
40,229ciAoz51
41,233EMC2k7k
42,23T7Up1oQ6
43,242fhbKRf9
44,276487SwvF
45,29U6L12O3k
46,2AMmebFl86
47,2HCz3wr27b
48,2IaH8665Ha
49,2J2SH6Fk63
50,2kb387yOiG
51,2oNLCndtam
52,2rSW5fZ50h
53,2x0Z9q6jD0
54,3008m5T78s
55,31ApG55XoV
56,34f4oB5Cod
57,35F52CG565
58,38a8p8Zl0z
59,39Uc7ru04l
60,3C1dH8H8v3
61,3EWyQLUo83
62,3Whv9UbPsR
63,3g1Pl94peh
64,3hSu07XfGd
65,3k85qY4Y2B
66,3v8ytbUoc6
67,40ARhM4nkF
68,41qrfb88lU
69,42FRuGgL06
70,443ptPwtPd
71,448d2Kv3hw
72,45TTYcotWk
73,45euP7C062
74,45oTz6NVkr
75,46K8Eq75fJ
76,46vx97eEK0
77,46z59pQP58
78,49kt2kaD8d
79,4EUt9uDfjG
80,4NQzySrw2C
81,4X3016rdOZ
82,4ajdr1a4Kc
83,4k3099QrCN
84,4pzSijxuK6
85,4tR4H9u4Zn
86,4u483r4C0S
87,50r4Tfl105
88,517LN52NOL
89,52vEY7f17k
90,55jl7IFg3z
91,562xzTNuI6
92,56dTCKdr74
93,589M2uPIY4
94,5AhC6ORULJ
95,5LMy832c47
96,5Q69X4zFkC
97,5S2tY93Oo1
98,5SXHhHKGxC
99,5VZLSGPT10
100,5ZR29q8c56
101,5a5qA8VLfI
102,5cuKF3lL4D
103,5ddRYL0LBA
104,5ey2xUDZTA
105,5g8708DBB0
106,5gtqSDwEt1
107,5rwOvj7Gu3
108,5x5fHvFFLv
109,5yM8I4Uut9
110,5yasLi1Avt
111,63r5Aj4EeB
112,654Dd1132b
113,668lBbaKFE
114,66Ak255E3j
115,66l1WHbu0M
116,68gXsA3M68
117,68xd8R3v7U
118,694Y3fju01
119,6A16l70g5Q
120,6Ax4SKe470
121,6EjPt2xgrB
122,6GOYcFMPF2
123,6Kbx2aEeUm
124,6O31vedZbI
125,6W08a98ZQV
126,6bJ4auIa8L
127,6c2Im3PZdL
128,6d2wZ1x370
129,6dGeA2ZpO4
130,6e1627evYc
131,6ghrwY35fW
132,6jCygPdswz
133,6pfp3D515O
134,6s8DOcciCW
135,740FTSQ19O
136,74ouxlq51o
137,77y7iIIXuv
138,78t79xOebG
139,7H6yD0xNNn
140,7N07jFgyQJ
141,7RB2G4NbCn
142,7XQtQA55O7
143,7YX78oEdjZ
144,7a0Ziet39H
145,7cEjwssz1R
146,7d9J30iOq8
147,7esK30uHH1
148,7gJUbn9s1V
149,7o7172ufx2
150,7oiAa7MlW2
151,7rP4RofmNF
152,7rezIYMwkp
153,7tV3w3qB6t
154,7y5NJZ7S6u
155,80nlN05JQ6
156,81E41tTtV9
157,84qYt0yA5y
158,879eYkR2Wu
159,88Uhb8760x
160,8FcKH1d6A2
161,8MG4r9aMdu
162,8ZPoEJbXB7
163,8a0vIMw4At
164,8cSO1GK90W
165,8csPxY44OZ
166,8d194g9ccT
167,8eqtD31y66
168,8fyjxTqDpQ
169,8gH5u019ZH
170,8mKdvKlPOw
171,8o0mJnIpFH
172,8r7mHkuKX9
173,8rsfNQdio8
174,90o991hXMa
175,938jD6Z338
176,93YVE85s1x
177,9493h91NUB
178,971l4W5kQs
179,9Bj19ocQBw
180,9EAa0nJjb1
181,9FFmzviIHD
182,9NY3vclR8e
183,9QD9297moO
184,9TvPity5px
185,9Ydzn1ubPe
186,9aw67h1Z47
187,9eV0EGVC6j
188,9hs21hUG5O
189,9iQ6dU8Ooj
190,A89Fye6g1o
191,AQfVkV1aEx
192,Axp5cwW7T8
193,B5VRXIQ2Ji
194,B7l5Zfxxu6
195,Bp1ZMF9Z0G
196,BpYaFX7hkQ
197,C0qLCIhI0O
198,C18qWKq212
199,C8Uu3Cd2YK
200,CEA35ELhs4
201,CZDz8OSRfI
202,CaA0123UJL
203,CsX7j87xZ7
204,D08sSQFrq3
205,D1VwdFc01t
206,D431zXkvuC
207,D4md1bS6DC
208,DRKr1AyP0r
209,DS5ecUMGJi
210,DZXDgO0B3u
211,Dk2tRopWQ3
212,DkXJps09H6
213,Dl62lXJbK1
214,Dmq6441349
215,Dp4If8jfOp
216,Ds3B2dRQo8
217,DykSLZf35a
218,E1PaKK3181
219,E38It7fjg0
220,E5GMl7289p
221,E97430334J
222,EE579r50K3
223,EV28POlwE4
224,EWHJMBPf94
225,EWo6L00OAS
226,EaUoBdvBdC
227,EfN583275t
228,EpDb06UO89
229,Exz0X2naK1
230,F25axtfCKG
231,F9WJ1RKM4L
232,FD5m13We02
233,Fe9oJAU48c
234,Fm7ESoRh9v
235,FrPh305pw8
236,Fx8d98DRud
237,GBp6LkJ9VA
238,GBwY1iQUSw
239,GD16TzL1x4
240,GVw1FC32GS
241,Gg6mCdOk6I
242,GlZwe88Gzo
243,Gwk4z777oU
244,H4UD7rojkA
245,H5p2L3L4hU
246,HOjPAm59jv
247,Hd9GW3f95j
248,HujcxU5LVb
249,HvghFVBS5v
250,IIP2AV0W1Y
251,IQ98biy227
252,IQQo3367x0
253,Ij894m7u4j
254,J76B3lyQG9
255,JL3J46dUrn
256,JP20cryBg8
257,JU5Ms0pxvu
258,JrJt3mY6Ls
259,K46aEi2Oi7
260,K4IIshw37g
261,K8b2FfNFdp
262,KiDu7A3iD8
263,Kt1mv62gCP
264,L24St09aez
265,LIXD5c0lE5
266,LM96hW22T2
267,LP15lX652E
268,LQDsuDw2tX
269,LQm0n9F5e0
270,LjgZcY49TV
271,LmiEiGqx5x
272,LnVZmUuwc8
273,M7hLaVJGvX
274,MCA1W52H2T
275,MMecgbY11h
276,MPqJdqnPtc
277,Mhc6xUn6X1
278,MrZ99Q697y
279,N18G8VLF9v
280,N1K15JE4tN
281,N4Ab8Bvj98
282,N6wWxh9CL4
283,NX8N2fJ630
284,NZJd9Aq3De
285,NnA4UfdJ5k
286,O46hm6g2nf
287,O4PQ25r2dR
288,O4YDV4XPTd
289,OCmTg4ha6w
290,OPY2Zd6SNl
291,OPv5PP9Bi4
292,OS2vxzjz6W
293,OW11c44gy1
294,On0ILT6rt5
295,P5t2zh16z0
296,P5w9xdB3VM
297,PE6x6PxZ42
298,PRr0oy2KyT
299,PSEDQ6XC7U
300,PUH9Se529L
301,PUu32klgfP
302,PhzyUqi1yE
303,PpTLi2Qz8E
304,PrH19Z5q87
305,Q0Fp6Da7G1
306,QDsPNlZ5i1
307,QER9PsCgBT
308,QQTAp3k3UP
309,QS4cvQ8w0o
310,QUcO70Q91P
311,Qb2LYvN3zF
312,QjpdTxl6ce
313,Qwq8d0du28
314,R398qG76GC
315,R440Y09vu3
316,R62GeR4qce
317,RajLsf9Q1z
318,Rl6LafSUXj
319,Ru21xRreim
320,RwM69ocq8e
321,Rz2qkM4015
322,S2KFxgwMsH
323,S7E3jvZbGG
324,S833Nk9r71
325,SH1cSNDIA8
326,SKThcG9N8q
327,SOs6B7rb1m
328,Si4v9635O3
329,SoEcLAeJi1
330,T4367PFG7C
331,TAw598sUia
332,TF9ADS4g8k
333,TQ0ahWNcZ9
334,U50h3ZFmGt
335,U9iFacSl34
336,UEArk7W20r
337,UJCeB1hbie
338,UO70mRwd30
339,USdRVl9AOe
340,Ud9p3KH6Bv
341,Ugr5eIIEf0
342,Uml72Q91Du
343,UmsZ3gHcg7
344,Un24RpQEWg
345,Uv4cSe2ijd
346,V2p98HHF6o
347,VHCF3iE0a4
348,Vc0J7iVot4
349,VgP99sQ5jS
350,Vu26QoCms4
351,W0f661D7Zp
352,WD2Q7495E0
353,Wi92e1D7bp
354,WmIXxzmmD3
355,X223hIsDU4
356,X4ZaxfDz3Q
357,X5eS5kvC8h
358,XBhl87k165
359,XGFd357i6u
360,XHm4u4Y8OU
361,XJyS25Yg27
362,XL0eQIoG72
363,XNEgfvXx50
364,XT7r2I6hmm
365,XTXYl6nJ7J
366,XUwJ9E07Zd
367,XkcoMK8tfF
368,XqBaV46VbC
369,XrH5AAPdtj
370,Y5XkapASsg
371,YEEpIp3429
372,YH4M65c5kP
373,YNGlv7F45C
374,YWe8V668Uz
375,YgQ57c2glM
376,YoXjDl010q
377,YtB3X13RXe
378,YvD7H8XduF
379,ZP886G3Z76
380,Zl09dc50NB
381,ZufpT349IL
382,Zxu8oS1jJ2
383,a0Q6RZpO47
384,a43DzeQWut
385,a47O44klh3
386,ajPRq0Q08b
387,apCLF0uF21
388,auW9kr3fh6
389,b2W4ZO3uLV
390,b4NIYojEYn
391,b4WRCgbjkN
392,bcoY3s64sj
393,biX0v423q0
394,bnNE2RRUsd
395,bt0ZuHaCGY
396,bw71rBaKg5
397,c1zVCHxCEz
398,c3Ee3W8hyq
399,c6LS9kDJe1
400,c7A4cZK28M
401,c8Gl35DPn4
402,cI0EPqbE61
403,cbgx682J78
404,ck0GIf31rJ
405,ctVOdq1wnp
406,cua2tdf6zb
407,cx5L3UEvoR
408,d6MRvZi66J
409,dD0vTK3gXD
410,dD5k5322J5
411,dN4g3pRdSO
412,dTIQk6Xt3r
413,dVqVsN8nD8
414,dc35t0IQHq
415,doWQeQ3VZC
416,dq0JPbG008
417,dvG32rxRzQ
418,e5Ef9RFIF0
419,e7uv9PqtYY
420,e95f4UtF4I
421,eD0u9WOep7
422,eZRzEYP9oJ
423,emTkxI1340
424,eqyJr5jsoU
425,ey9rvMnU57
426,f1924U65I1
427,f45jOmRd4S
428,f4fNYL73Z2
429,f9PBq9q8jq
430,fTCaypQv7J
431,ftgrG3jT2m
432,g209g5Vve6
433,gPaagaJ8aq
434,gUgPjz2364
435,gv1l9iqcam
436,h0UbH181l8
437,h31E235Th5
438,h4N48ldyLn
439,h9Tx9ulI5Q
440,hK3QE3xOF8
441,hgivhSMgnH
442,hqew2E2l61
443,hwF4tyWU50
444,i0FfLG15di
445,i1pw14pRDH
446,i5Y9A05Ph8
447,i5dD6Xy8jL
448,i8f2gg51r5
449,iyLqACAFyl
450,j09c45Q1NN
451,j0D7C5VG29
452,jR1rpwLHNu
453,jXc985G8qy
454,jbw83hRJZQ
455,jdT9cZAxyb
456,jw3jOU9C8I
457,jx1ndu85oq
458,jxlpSn00qm
459,k37lfl6ENf
460,k3jBd30ocz
461,k4gaj1r2bT
462,k71nQKqIB3
463,kKr8NG7YNL
464,kh6j72S63h
465,l0KpN7IKom
466,l1L9ZwV1KO
467,l5eh0S53tB
468,l8bH01vT7z
469,l8kuAhlIWI
470,lKsX609E6x
471,lY4W105RGi
472,ljX78ko847
473,m58s5oOZCm
474,m5MmtPWHdr
475,m64Rgy40OF
476,m9a501e1MM
477,mI0bEZaepz
478,mNzo8mGzu9
479,merKN5i5Of
480,mt4GxUF641
481,nA15DeLBE1
482,nOkrXE4gnk
483,nxe3l4KD0z
484,nybp7zY98z
485,o0Q2M0X487
486,o2mSq0vQ50
487,oEt3YTvS4G
488,oSV25Eb2y9
489,oWh48s12mR
490,oXgtQylYoP
491,odPTXtfS78
492,oeTCjHG37z
493,olyVui8lHe
494,oqL48822V2
495,p5CPTG2423
496,pI9Tpj13ty
497,pVG9cgOpCR
498,pXs7s2k8Jv
499,pg8uPBYamG
500,pgHmAyjLe1
501,q1Yar3mIhE
502,q9Pk62y29S
503,qL6HDg57R9
504,qN6WN7C097
505,qkmLNnC7YU
506,qvGwtJZv09
507,rA9d62o2bb
508,rE6U5574qn
509,rPj8YeG1I5
510,rnOGP59582
511,s19Mo891H5
512,s39qS245G2
513,s3u68VfdSa
514,s9O034dIc4
515,saNy7ix5ZY
516,skGr9HCmqv
517,st945Ucdi6
518,stK4H8Vit6
519,t0fI2c7EMH
520,t3dx1x27e1
521,t4K5z0e2NZ
522,tB4vqSxzqo
523,tLgc420s9N
524,tlJn3I40bf
525,txnqGG764s
526,tyU2s0MBzm
527,u004wY493z
528,u08WLS2awz
529,uYf5028a75
530,ub1y4M34bR
531,uz40H610bF
532,v52MhQAVT9
533,verm1Wp12u
534,vkQ059OE0u
535,vpuUyzUJ0z
536,vzYx9SZ29x
537,w0FMzJORlK
538,w33QZ9Q64W
539,w5famqnV15
540,wRE6vq194f
541,wY56ZI2gyL
542,wkQxI30ZH6
543,wu58ARZBA2
544,wwSQeRjs22
545,wwV3RhdO1l
546,wz0V4oY4Z2
547,x47TgqKQDL
548,x64anap2Kz
549,xAI3938h9t
550,xH487WMLoS
551,xa6ovLs5IM
552,xp1bjD93G3
553,y2Z0J1858D
554,y4Vg256UzB
555,y5009rpZ12
556,y8BlGe62E7
557,y8U9Hdz4E3
558,yA79w15tnU
559,yB480DNZ70
560,yDO9pl8GC0
561,yG447121nm
562,ySs2g6X4Jx
563,yf2V5ll9mN
564,yuB6nxh3FX
565,z1iLCTB32T
566,z2VBXzb65e
567,z2zuhnARi6
568,z9svx3mA4s
569,zBpW3sqPf6
570,zStzz3DlD1
571,zUlk9c7UEv
572,zb6H17h1Dc
573,zfYl0YECr0
