orig_uid,user_id
2,0
4,1
15,2
16,3
37,4
43,5
45,6
47,7
48,8
51,9
54,10
56,11
59,12
63,13
72,14
74,15
102,16
105,17
108,18
122,19
133,20
135,21
136,22
143,23
145,24
148,25
150,26
158,27
161,28
163,29
170,30
176,31
179,32
182,33
183,34
196,35
210,36
212,37
214,38
217,39
223,40
243,41
250,42
260,43
268,44
275,45
278,46
281,47
284,48
285,49
286,50
287,51
289,52
298,53
299,54
303,55
304,56
306,57
310,58
316,59
317,60
328,61
330,62
339,63
342,64
344,65
355,66
357,67
367,68
370,69
372,70
407,71
411,72
412,73
413,74
420,75
421,76
423,77
427,78
429,79
442,80
445,81
451,82
455,83
464,84
473,85
476,86
477,87
481,88
485,89
487,90
498,91
500,92
501,93
503,94
504,95
507,96
518,97
524,98
529,99
531,100
540,101
541,102
543,103
545,104
550,105
551,106
555,107
557,108
559,109
563,110
570,111
571,112
582,113
583,114
600,115
606,116
609,117
619,118
622,119
624,120
634,121
635,122
636,123
639,124
642,125
648,126
649,127
652,128
653,129
662,130
665,131
667,132
676,133
687,134
697,135
705,136
706,137
711,138
712,139
715,140
720,141
722,142
724,143
725,144
727,145
735,146
740,147
748,148
754,149
775,150
777,151
782,152
784,153
794,154
798,155
803,156
810,157
811,158
818,159
819,160
831,161
835,162
842,163
844,164
852,165
860,166
862,167
863,168
867,169
876,170
877,171
888,172
898,173
900,174
903,175
930,176
933,177
939,178
944,179
945,180
956,181
962,182
967,183
968,184
969,185
975,186
976,187
986,188
989,189
995,190
996,191
1005,192
1010,193
1018,194
1023,195
1028,196
1030,197
1032,198
1035,199
1044,200
1052,201
1054,202
1059,203
1062,204
1063,205
1065,206
1069,207
1070,208
1071,209
1075,210
1083,211
1084,212
1085,213
1087,214
1089,215
1091,216
1092,217
1094,218
1096,219
1100,220
1104,221
1118,222
1124,223
1125,224
1134,225
1136,226
1138,227
1146,228
1151,229
1156,230
1162,231
1164,232
1166,233
1171,234
1174,235
1181,236
1183,237
1192,238
1195,239
1196,240
1200,241
1205,242
1206,243
1207,244
1218,245
1228,246
1233,247
1236,248
1239,249
1248,250
1249,251
1260,252
1262,253
1263,254
1267,255
1269,256
1282,257
1286,258
1287,259
1289,260
1309,261
1317,262
1320,263
1327,264
1339,265
1351,266
1352,267
1353,268
1354,269
1366,270
1369,271
1370,272
1384,273
1386,274
1388,275
1395,276
1396,277
1402,278
1406,279
1408,280
1411,281
1412,282
1413,283
1414,284
1421,285
1425,286
1431,287
1432,288
1435,289
1437,290
1441,291
1447,292
1450,293
1459,294
1461,295
1464,296
1469,297
1474,298
1480,299
1494,300
1497,301
1501,302
1505,303
1524,304
1527,305
1533,306
1534,307
1541,308
1545,309
1556,310
1558,311
1561,312
1565,313
1567,314
1575,315
1576,316
1580,317
1586,318
1589,319
1590,320
1592,321
1593,322
1594,323
1599,324
1605,325
1606,326
1609,327
1617,328
1620,329
1629,330
1638,331
1643,332
1650,333
1651,334
1653,335
1665,336
1667,337
1670,338
1682,339
1686,340
1689,341
1699,342
1702,343
1704,344
1713,345
1714,346
1715,347
1726,348
1727,349
1737,350
1741,351
1745,352
1746,353
1753,354
1754,355
1768,356
1770,357
1773,358
1784,359
1789,360
1792,361
1793,362
1795,363
1796,364
1797,365
1802,366
1807,367
1808,368
1812,369
1816,370
1829,371
1832,372
1839,373
1844,374
1853,375
1854,376
1859,377
1860,378
1863,379
1881,380
1884,381
1888,382
1895,383
1899,384
1905,385
1909,386
1916,387
1919,388
1926,389
1927,390
1940,391
1943,392
1947,393
1948,394
1953,395
1961,396
1962,397
1965,398
1979,399
1981,400
1984,401
1986,402
1988,403
1992,404
1993,405
1997,406
2001,407
2004,408
2011,409
2014,410
2015,411
2032,412
2035,413
2036,414
2037,415
2041,416
2048,417
2051,418
2059,419
2060,420
2068,421
2069,422
2077,423
2078,424
2083,425
2086,426
2096,427
2097,428
2101,429
2104,430
2109,431
2110,432
2122,433
2125,434
2126,435
2127,436
2129,437
2133,438
2139,439
2144,440
2146,441
2154,442
2156,443
2158,444
2166,445
2170,446
2182,447
2183,448
2191,449
2198,450
2203,451
2206,452
2211,453
2212,454
2228,455
2229,456
2236,457
2256,458
2260,459
2261,460
2262,461
2264,462
2271,463
2273,464
2286,465
2287,466
2290,467
2296,468
2298,469
2303,470
2304,471
2320,472
2321,473
2350,474
2351,475
2353,476
2354,477
2358,478
2359,479
2368,480
2369,481
2373,482
2375,483
2382,484
2402,485
2413,486
2414,487
2416,488
2418,489
2419,490
2421,491
2425,492
2431,493
2433,494
2434,495
2439,496
2443,497
2444,498
2446,499
2448,500
2450,501
2451,502
2454,503
2461,504
2468,505
2469,506
2480,507
2484,508
2495,509
2506,510
2507,511
2513,512
2516,513
2521,514
2537,515
2539,516
2544,517
2547,518
2553,519
2567,520
2569,521
2572,522
2574,523
2576,524
2580,525
2597,526
2598,527
2602,528
2604,529
2609,530
2610,531
2629,532
2630,533
2640,534
2660,535
2664,536
2668,537
2671,538
2673,539
2684,540
2687,541
2695,542
2699,543
2702,544
2711,545
2712,546
2714,547
2716,548
2717,549
2722,550
2723,551
2734,552
2736,553
2738,554
2750,555
2751,556
2761,557
2768,558
2774,559
2787,560
2791,561
2795,562
2796,563
2802,564
2803,565
2816,566
2820,567
2821,568
2823,569
2825,570
2826,571
2831,572
2832,573
2837,574
2840,575
2844,576
2846,577
2850,578
2851,579
2852,580
2854,581
2855,582
2856,583
2857,584
2858,585
2859,586
2865,587
2870,588
2872,589
2874,590
2878,591
2889,592
2892,593
2903,594
2914,595
2920,596
2933,597
2936,598
2940,599
2954,600
2978,601
2994,602
2996,603
3002,604
3009,605
3010,606
3014,607
3015,608
3022,609
3034,610
3052,611
3057,612
3062,613
3064,614
3066,615
3080,616
3082,617
3089,618
3097,619
3100,620
3104,621
3108,622
3113,623
3116,624
3119,625
3120,626
3121,627
3130,628
3136,629
3137,630
3139,631
3149,632
3150,633
3153,634
3163,635
3168,636
3169,637
3173,638
3186,639
3193,640
3196,641
3200,642
3204,643
3205,644
3209,645
3216,646
3217,647
3222,648
3228,649
3232,650
3239,651
3242,652
3249,653
3251,654
3255,655
3272,656
3275,657
3280,658
3284,659
3291,660
3301,661
3303,662
3308,663
3314,664
3320,665
3328,666
3344,667
3349,668
3352,669
3362,670
3364,671
3366,672
3389,673
3391,674
3392,675
3405,676
3407,677
3412,678
3426,679
3427,680
3429,681
3433,682
3436,683
3442,684
3454,685
3455,686
3458,687
3460,688
3468,689
3472,690
3476,691
3483,692
3490,693
3493,694
3498,695
3499,696
3504,697
3526,698
3533,699
3546,700
3557,701
3565,702
3570,703
3578,704
3581,705
3590,706
3594,707
3607,708
3608,709
3616,710
3620,711
3623,712
3624,713
3631,714
3632,715
3637,716
3638,717
3640,718
3641,719
3652,720
3656,721
3663,722
3667,723
3674,724
3684,725
3691,726
3692,727
3693,728
3708,729
3709,730
3711,731
3714,732
3718,733
3721,734
3726,735
3727,736
3740,737
3747,738
3749,739
3750,740
3752,741
3756,742
3757,743
3760,744
3765,745
3770,746
3771,747
3779,748
3781,749
3784,750
3788,751
3790,752
3794,753
3803,754
3805,755
3810,756
3811,757
3812,758
3813,759
3817,760
3822,761
3825,762
3826,763
3830,764
3841,765
3851,766
3858,767
3867,768
3869,769
3873,770
3882,771
3885,772
3891,773
3898,774
3899,775
3900,776
3903,777
3904,778
3905,779
3908,780
3911,781
3913,782
3916,783
3917,784
3922,785
3929,786
3932,787
3940,788
3941,789
3942,790
3947,791
3962,792
3972,793
3976,794
3984,795
3988,796
3991,797
3992,798
3994,799
3999,800
4004,801
4005,802
4006,803
4012,804
4017,805
4018,806
4020,807
4039,808
4040,809
4048,810
4054,811
4057,812
4059,813
4062,814
4074,815
4078,816
4085,817
4101,818
4104,819
4112,820
4114,821
4120,822
4124,823
4127,824
4130,825
4131,826
4132,827
4135,828
4144,829
4167,830
4170,831
4172,832
4180,833
4190,834
4193,835
4196,836
4197,837
4206,838
4208,839
4218,840
4220,841
4226,842
4232,843
4239,844
4248,845
4254,846
4274,847
4281,848
4282,849
4289,850
4296,851
4305,852
4306,853
4308,854
4311,855
4313,856
4314,857
4318,858
4323,859
4330,860
4331,861
4332,862
4333,863
4335,864
4344,865
4349,866
4351,867
4366,868
4368,869
4369,870
4375,871
4384,872
4386,873
4402,874
4407,875
4417,876
4419,877
4428,878
4434,879
4438,880
4444,881
4448,882
4456,883
4466,884
4474,885
4494,886
4498,887
4502,888
4513,889
4519,890
4526,891
4529,892
4533,893
4541,894
4543,895
4549,896
4552,897
4555,898
4562,899
4565,900
4572,901
4573,902
4579,903
4582,904
4584,905
4585,906
4586,907
4587,908
4593,909
4597,910
4598,911
4602,912
4613,913
4615,914
4617,915
4618,916
4624,917
4626,918
4627,919
4628,920
4635,921
4641,922
4642,923
4648,924
4654,925
4656,926
4657,927
4658,928
4659,929
4662,930
4663,931
4667,932
4669,933
4671,934
4677,935
4681,936
4684,937
4689,938
4693,939
4694,940
4695,941
4697,942
4702,943
4705,944
4714,945
4724,946
4730,947
4741,948
4742,949
4749,950
4752,951
4753,952
4755,953
4764,954
4768,955
4771,956
4787,957
4790,958
4809,959
4812,960
4813,961
4827,962
4828,963
4834,964
4844,965
4849,966
4850,967
4853,968
4855,969
4856,970
4864,971
4865,972
4866,973
4875,974
4879,975
4880,976
4883,977
4884,978
4888,979
4890,980
4893,981
4901,982
4904,983
4906,984
4914,985
4926,986
4936,987
4939,988
4940,989
4945,990
4948,991
4963,992
4971,993
4976,994
4977,995
4979,996
4980,997
4984,998
4986,999
4995,1000
5006,1001
5016,1002
5018,1003
5022,1004
5023,1005
5046,1006
5051,1007
5056,1008
5066,1009
5071,1010
5076,1011
5078,1012
5085,1013
5093,1014
5097,1015
5104,1016
5105,1017
5119,1018
5124,1019
5132,1020
5140,1021
5143,1022
5152,1023
5159,1024
5161,1025
5166,1026
5171,1027
5175,1028
5178,1029
5179,1030
5180,1031
5185,1032
5193,1033
5194,1034
5196,1035
5197,1036
5204,1037
5210,1038
5222,1039
5229,1040
5232,1041
5240,1042
5243,1043
5245,1044
5249,1045
5250,1046
5251,1047
5257,1048
5259,1049
5266,1050
5268,1051
5269,1052
5286,1053
5297,1054
5298,1055
5311,1056
5312,1057
5317,1058
5324,1059
5325,1060
5331,1061
5339,1062
5340,1063
5341,1064
5352,1065
5354,1066
5356,1067
5366,1068
5390,1069
5392,1070
5393,1071
5395,1072
5396,1073
5397,1074
5398,1075
5404,1076
5406,1077
5410,1078
5422,1079
5423,1080
5425,1081
5431,1082
5434,1083
5437,1084
5442,1085
5448,1086
5452,1087
5455,1088
5456,1089
5467,1090
5473,1091
5477,1092
5481,1093
5493,1094
5500,1095
5501,1096
5506,1097
5514,1098
5515,1099
5518,1100
5525,1101
5533,1102
5534,1103
5535,1104
5538,1105
5540,1106
5545,1107
5547,1108
5552,1109
5563,1110
5564,1111
5567,1112
5568,1113
5569,1114
5583,1115
5584,1116
5592,1117
5594,1118
5598,1119
5605,1120
5606,1121
5609,1122
5610,1123
5613,1124
5622,1125
5630,1126
5631,1127
5634,1128
5635,1129
5641,1130
5647,1131
5655,1132
5667,1133
5670,1134
5675,1135
5685,1136
5686,1137
5689,1138
5696,1139
5699,1140
5710,1141
5713,1142
5715,1143
5718,1144
5722,1145
5729,1146
5730,1147
5736,1148
5745,1149
5746,1150
5762,1151
5771,1152
5775,1153
5776,1154
5781,1155
5784,1156
5786,1157
5791,1158
5795,1159
5797,1160
5800,1161
5802,1162
5803,1163
5807,1164
5809,1165
5810,1166
5829,1167
5833,1168
5835,1169
5836,1170
5841,1171
5844,1172
5847,1173
5848,1174
5859,1175
5872,1176
5874,1177
5875,1178
5878,1179
5881,1180
5908,1181
5918,1182
5919,1183
5920,1184
5926,1185
5928,1186
5936,1187
5939,1188
5944,1189
5951,1190
5954,1191
5961,1192
5965,1193
5966,1194
5967,1195
5971,1196
5980,1197
5986,1198
5993,1199
6007,1200
6008,1201
6014,1202
6016,1203
6018,1204
6019,1205
6022,1206
6025,1207
6031,1208
6036,1209
6039,1210
6040,1211
6058,1212
6061,1213
6063,1214
6064,1215
6073,1216
6076,1217
6095,1218
6104,1219
6108,1220
6109,1221
6110,1222
6115,1223
6134,1224
6137,1225
6139,1226
6144,1227
6152,1228
6153,1229
6156,1230
6158,1231
6164,1232
6168,1233
6174,1234
6176,1235
6185,1236
6201,1237
6208,1238
6209,1239
6221,1240
6227,1241
6241,1242
6242,1243
6246,1244
6247,1245
6251,1246
6252,1247
6255,1248
6269,1249
6274,1250
6289,1251
6291,1252
6296,1253
6299,1254
6303,1255
6304,1256
6318,1257
6320,1258
6324,1259
6329,1260
6334,1261
6338,1262
6339,1263
6345,1264
6368,1265
6376,1266
6383,1267
6406,1268
6411,1269
6416,1270
6422,1271
6429,1272
6441,1273
6456,1274
6462,1275
6465,1276
6472,1277
6478,1278
6480,1279
6498,1280
6503,1281
6519,1282
6536,1283
6539,1284
6542,1285
6544,1286
6545,1287
6553,1288
6560,1289
6574,1290
6578,1291
6584,1292
6591,1293
6596,1294
6599,1295
6600,1296
6606,1297
6607,1298
6620,1299
6622,1300
6641,1301
6645,1302
6646,1303
6647,1304
6656,1305
6662,1306
6669,1307
6672,1308
6677,1309
6679,1310
6686,1311
6690,1312
6696,1313
6698,1314
6701,1315
6707,1316
6708,1317
6710,1318
6723,1319
6734,1320
6736,1321
6738,1322
6740,1323
6742,1324
6752,1325
6755,1326
6764,1327
6769,1328
6775,1329
6778,1330
6783,1331
6785,1332
6807,1333
6808,1334
6809,1335
6816,1336
6819,1337
6823,1338
6826,1339
6827,1340
6837,1341
6842,1342
6844,1343
6846,1344
6851,1345
6857,1346
6864,1347
6871,1348
6873,1349
6880,1350
6882,1351
6883,1352
6885,1353
6897,1354
6905,1355
6916,1356
6928,1357
6930,1358
6931,1359
6938,1360
6945,1361
6947,1362
6951,1363
6955,1364
6961,1365
6976,1366
6978,1367
6993,1368
6995,1369
7004,1370
7009,1371
7011,1372
7016,1373
7021,1374
7037,1375
7041,1376
7043,1377
7060,1378
7062,1379
7068,1380
7073,1381
7079,1382
7085,1383
7089,1384
7102,1385
7105,1386
7112,1387
7122,1388
7135,1389
7139,1390
7142,1391
7145,1392
7151,1393
7153,1394
7154,1395
7157,1396
7159,1397
7173,1398
7174,1399
7178,1400
7185,1401
7193,1402
7214,1403
7217,1404
7227,1405
7228,1406
7229,1407
7236,1408
7240,1409
7255,1410
7259,1411
7265,1412
7266,1413
7267,1414
7274,1415
7278,1416
7282,1417
7284,1418
7286,1419
7293,1420
7308,1421
7311,1422
7316,1423
7319,1424
7339,1425
7345,1426
7347,1427
7351,1428
7352,1429
7353,1430
7355,1431
7361,1432
7362,1433
7363,1434
7374,1435
7379,1436
7387,1437
7388,1438
7396,1439
7401,1440
7411,1441
7415,1442
7420,1443
7421,1444
7442,1445
7444,1446
7448,1447
7452,1448
7454,1449
7490,1450
7498,1451
7500,1452
7507,1453
7514,1454
7526,1455
7530,1456
7535,1457
7559,1458
7560,1459
7567,1460
7579,1461
7580,1462
7596,1463
7599,1464
7604,1465
7608,1466
7614,1467
7617,1468
7621,1469
7623,1470
7629,1471
7637,1472
7639,1473
7646,1474
7650,1475
7653,1476
7659,1477
7667,1478
7668,1479
7673,1480
7680,1481
7682,1482
7694,1483
7696,1484
7698,1485
7705,1486
7726,1487
7735,1488
7738,1489
7742,1490
7750,1491
7761,1492
7765,1493
7767,1494
7770,1495
7771,1496
7773,1497
7780,1498
7781,1499
7784,1500
7788,1501
7804,1502
7806,1503
7810,1504
7823,1505
7828,1506
7834,1507
7851,1508
7855,1509
7873,1510
7880,1511
7881,1512
7898,1513
7908,1514
7914,1515
7918,1516
7931,1517
7936,1518
7938,1519
7939,1520
7950,1521
7956,1522
7972,1523
7981,1524
7984,1525
7986,1526
7992,1527
8001,1528
8012,1529
8013,1530
8018,1531
8019,1532
8020,1533
8021,1534
8028,1535
8034,1536
8044,1537
8045,1538
8046,1539
8047,1540
8049,1541
8054,1542
8058,1543
8059,1544
8072,1545
8074,1546
8078,1547
8084,1548
8088,1549
8089,1550
8095,1551
8100,1552
8101,1553
8106,1554
8111,1555
8114,1556
8121,1557
8123,1558
8126,1559
8127,1560
8134,1561
8146,1562
8147,1563
8148,1564
8154,1565
8156,1566
8159,1567
8162,1568
8167,1569
8173,1570
8177,1571
8179,1572
8181,1573
8183,1574
8186,1575
8191,1576
8202,1577
8211,1578
8215,1579
8229,1580
8244,1581
8261,1582
8262,1583
8266,1584
8267,1585
8269,1586
8279,1587
8282,1588
8283,1589
8284,1590
8285,1591
8287,1592
8289,1593
8294,1594
8299,1595
8315,1596
8319,1597
8321,1598
8327,1599
8331,1600
8334,1601
8340,1602
8344,1603
8346,1604
8350,1605
8359,1606
8364,1607
8368,1608
8377,1609
8387,1610
8393,1611
8404,1612
8415,1613
8434,1614
8440,1615
8457,1616
8462,1617
8466,1618
8468,1619
8470,1620
8472,1621
8478,1622
8491,1623
8498,1624
8510,1625
8511,1626
8515,1627
8516,1628
8520,1629
8522,1630
8528,1631
8529,1632
8538,1633
8540,1634
8541,1635
8546,1636
8550,1637
8553,1638
8558,1639
8563,1640
8564,1641
8567,1642
8570,1643
8574,1644
8575,1645
8586,1646
8588,1647
8592,1648
8593,1649
8597,1650
8598,1651
8600,1652
8610,1653
8614,1654
8616,1655
8617,1656
8618,1657
8619,1658
8626,1659
8641,1660
8647,1661
8655,1662
8658,1663
8670,1664
8677,1665
8678,1666
8680,1667
8684,1668
8687,1669
8696,1670
8705,1671
8711,1672
8718,1673
8721,1674
8722,1675
8730,1676
8736,1677
8740,1678
8742,1679
8745,1680
8762,1681
8770,1682
8775,1683
8778,1684
8783,1685
8784,1686
8789,1687
8795,1688
8796,1689
8799,1690
8801,1691
8805,1692
8816,1693
8825,1694
8833,1695
8837,1696
8843,1697
8844,1698
8853,1699
8855,1700
8857,1701
8859,1702
8861,1703
8865,1704
8867,1705
8876,1706
8888,1707
8895,1708
8896,1709
8899,1710
8905,1711
8906,1712
8925,1713
8935,1714
8938,1715
8948,1716
8959,1717
8962,1718
8963,1719
8965,1720
8977,1721
8983,1722
8985,1723
8986,1724
8998,1725
9006,1726
9011,1727
9017,1728
9019,1729
9021,1730
9022,1731
9030,1732
9049,1733
9050,1734
9063,1735
9067,1736
9077,1737
9086,1738
9092,1739
9095,1740
9096,1741
9099,1742
9101,1743
9102,1744
9116,1745
9119,1746
9120,1747
9122,1748
9133,1749
9135,1750
9141,1751
9157,1752
9161,1753
9164,1754
9174,1755
9178,1756
9181,1757
9182,1758
9183,1759
9186,1760
9187,1761
9188,1762
9190,1763
9193,1764
9195,1765
9204,1766
9211,1767
9213,1768
9224,1769
9225,1770
9251,1771
9253,1772
9258,1773
9259,1774
9260,1775
9265,1776
9275,1777
9279,1778
9281,1779
9285,1780
9291,1781
9296,1782
9297,1783
9298,1784
9299,1785
9318,1786
9319,1787
9324,1788
9325,1789
9332,1790
9344,1791
9352,1792
9364,1793
9365,1794
9368,1795
9371,1796
9374,1797
9378,1798
9391,1799
9393,1800
9394,1801
9402,1802
9404,1803
9406,1804
9427,1805
9430,1806
9434,1807
9439,1808
9442,1809
9447,1810
9452,1811
9461,1812
9466,1813
9484,1814
9485,1815
9489,1816
9492,1817
9502,1818
9510,1819
9511,1820
9517,1821
9520,1822
9525,1823
9526,1824
9540,1825
9542,1826
9543,1827
9549,1828
9555,1829
9566,1830
9575,1831
9577,1832
9591,1833
9605,1834
9627,1835
9629,1836
9630,1837
9638,1838
9641,1839
9643,1840
9644,1841
9651,1842
9656,1843
9665,1844
9678,1845
9680,1846
9682,1847
9685,1848
9691,1849
9695,1850
9700,1851
9703,1852
9711,1853
9712,1854
9720,1855
9722,1856
9723,1857
9724,1858
9728,1859
9730,1860
9733,1861
9736,1862
9743,1863
9755,1864
9757,1865
9763,1866
9768,1867
9775,1868
9777,1869
9796,1870
9800,1871
9803,1872
9805,1873
9812,1874
9813,1875
9819,1876
9822,1877
9823,1878
9841,1879
9846,1880
9847,1881
9850,1882
9851,1883
9853,1884
9867,1885
9869,1886
9876,1887
9877,1888
9879,1889
9880,1890
9885,1891
9904,1892
9916,1893
9918,1894
9922,1895
9926,1896
9933,1897
9937,1898
9941,1899
9942,1900
9946,1901
9967,1902
9973,1903
9974,1904
9975,1905
9976,1906
9991,1907
10000,1908
10003,1909
10006,1910
10007,1911
10011,1912
10015,1913
10018,1914
10025,1915
10028,1916
10029,1917
10031,1918
10038,1919
10045,1920
10049,1921
10059,1922
10060,1923
10069,1924
10077,1925
10083,1926
10085,1927
10087,1928
10093,1929
10095,1930
10104,1931
10108,1932
10115,1933
10119,1934
10126,1935
10127,1936
10133,1937
10138,1938
10139,1939
10143,1940
10150,1941
10154,1942
10158,1943
10163,1944
10173,1945
10190,1946
10194,1947
10195,1948
10202,1949
10205,1950
10209,1951
10210,1952
10213,1953
10232,1954
10236,1955
10237,1956
10239,1957
10260,1958
10270,1959
10286,1960
10287,1961
10288,1962
10290,1963
10297,1964
10301,1965
10305,1966
10312,1967
10315,1968
10316,1969
10318,1970
10322,1971
10323,1972
10326,1973
10336,1974
10339,1975
10343,1976
10344,1977
10349,1978
10350,1979
10353,1980
10354,1981
10359,1982
10369,1983
10379,1984
10380,1985
10383,1986
10387,1987
10389,1988
10391,1989
10403,1990
10408,1991
10418,1992
10419,1993
10422,1994
10425,1995
10427,1996
10431,1997
10441,1998
10460,1999
10463,2000
10474,2001
10487,2002
10492,2003
10494,2004
10500,2005
10503,2006
10508,2007
10529,2008
10541,2009
10545,2010
10548,2011
10551,2012
10556,2013
10559,2014
10564,2015
10567,2016
10570,2017
10578,2018
10579,2019
10582,2020
10583,2021
10592,2022
10595,2023
10598,2024
10601,2025
10604,2026
10605,2027
10613,2028
10624,2029
10629,2030
10631,2031
10632,2032
10636,2033
10645,2034
10671,2035
10674,2036
10676,2037
10679,2038
10682,2039
10688,2040
10691,2041
10698,2042
10699,2043
10708,2044
10730,2045
10731,2046
10734,2047
10742,2048
10749,2049
10752,2050
10755,2051
10766,2052
10768,2053
10769,2054
10785,2055
10795,2056
10803,2057
10809,2058
10810,2059
10811,2060
10834,2061
10836,2062
10838,2063
10843,2064
10847,2065
10857,2066
10858,2067
10865,2068
10867,2069
10868,2070
10871,2071
10880,2072
10894,2073
10897,2074
10912,2075
10914,2076
10922,2077
10926,2078
10928,2079
10932,2080
10934,2081
10940,2082
10955,2083
10957,2084
10967,2085
10968,2086
10969,2087
10986,2088
10987,2089
10996,2090
11001,2091
11010,2092
11016,2093
11020,2094
11026,2095
11028,2096
11030,2097
11032,2098
11036,2099
11045,2100
11047,2101
11055,2102
11062,2103
11068,2104
11074,2105
11083,2106
11086,2107
11094,2108
11097,2109
11126,2110
11127,2111
11133,2112
11139,2113
11142,2114
11150,2115
11152,2116
11155,2117
11161,2118
11164,2119
11166,2120
11178,2121
11180,2122
11181,2123
11182,2124
11187,2125
11193,2126
11200,2127
11204,2128
11207,2129
11208,2130
11212,2131
11214,2132
11216,2133
11218,2134
11223,2135
11226,2136
11227,2137
11243,2138
11252,2139
11267,2140
11272,2141
11279,2142
11280,2143
11281,2144
11285,2145
11287,2146
11290,2147
11294,2148
11301,2149
11306,2150
11311,2151
11319,2152
11321,2153
11322,2154
11327,2155
11344,2156
11352,2157
11354,2158
11360,2159
11362,2160
11366,2161
11380,2162
11381,2163
11386,2164
11394,2165
11398,2166
11399,2167
11401,2168
11405,2169
11407,2170
11408,2171
11410,2172
11412,2173
11418,2174
11426,2175
11430,2176
11439,2177
11441,2178
11444,2179
11447,2180
11448,2181
11455,2182
11459,2183
11473,2184
11488,2185
11490,2186
11494,2187
11495,2188
11506,2189
11507,2190
11512,2191
11516,2192
11519,2193
11522,2194
11524,2195
11525,2196
11526,2197
11542,2198
11544,2199
11547,2200
11550,2201
11551,2202
11563,2203
11564,2204
11565,2205
11567,2206
11585,2207
11589,2208
11591,2209
11594,2210
11596,2211
11600,2212
11603,2213
11608,2214
11613,2215
11617,2216
11618,2217
11640,2218
11649,2219
11654,2220
11656,2221
11665,2222
11666,2223
11673,2224
11677,2225
11683,2226
11690,2227
11691,2228
11692,2229
11693,2230
11699,2231
11707,2232
11709,2233
11745,2234
11749,2235
11761,2236
11768,2237
11787,2238
11793,2239
11800,2240
11803,2241
11806,2242
11811,2243
11820,2244
11824,2245
11830,2246
11840,2247
11863,2248
11866,2249
11876,2250
11878,2251
11879,2252
11897,2253
11903,2254
11910,2255
11916,2256
11926,2257
11930,2258
11937,2259
11939,2260
11940,2261
11957,2262
11977,2263
11987,2264
11996,2265
12000,2266
12004,2267
12008,2268
12011,2269
12026,2270
12032,2271
12033,2272
12036,2273
12040,2274
12043,2275
12046,2276
12047,2277
12050,2278
12066,2279
12071,2280
12078,2281
12085,2282
12087,2283
12088,2284
12089,2285
12101,2286
12107,2287
12109,2288
12117,2289
12119,2290
12122,2291
12129,2292
12131,2293
12139,2294
12143,2295
12150,2296
12152,2297
12154,2298
12155,2299
12156,2300
12162,2301
12163,2302
12166,2303
12168,2304
12170,2305
12175,2306
12177,2307
12179,2308
12182,2309
12184,2310
12190,2311
12192,2312
12207,2313
12222,2314
12225,2315
12229,2316
12230,2317
12231,2318
12236,2319
12240,2320
12241,2321
12244,2322
12250,2323
12259,2324
12263,2325
12265,2326
12267,2327
12273,2328
12274,2329
12295,2330
12299,2331
12302,2332
12306,2333
12312,2334
12314,2335
12316,2336
12324,2337
12335,2338
12339,2339
12340,2340
12344,2341
12347,2342
12350,2343
12352,2344
12356,2345
12357,2346
12359,2347
12360,2348
12367,2349
12377,2350
12379,2351
12381,2352
12401,2353
12405,2354
12408,2355
12412,2356
12418,2357
12422,2358
12439,2359
12452,2360
12455,2361
12465,2362
12472,2363
12476,2364
12478,2365
12482,2366
12487,2367
12488,2368
12493,2369
12507,2370
12515,2371
12525,2372
12526,2373
12528,2374
12543,2375
12547,2376
12553,2377
12554,2378
12555,2379
12559,2380
12567,2381
12576,2382
12588,2383
12589,2384
12590,2385
12595,2386
12596,2387
12603,2388
12605,2389
12621,2390
12636,2391
12639,2392
12644,2393
12645,2394
12651,2395
12664,2396
12665,2397
12668,2398
12671,2399
12672,2400
12675,2401
12676,2402
12679,2403
12681,2404
12682,2405
12691,2406
12695,2407
12698,2408
12708,2409
12709,2410
12719,2411
12748,2412
12753,2413
12757,2414
12764,2415
12769,2416
12782,2417
12796,2418
12799,2419
12800,2420
12809,2421
12810,2422
12812,2423
12822,2424
12827,2425
12828,2426
12832,2427
12833,2428
12841,2429
12849,2430
12851,2431
12855,2432
12857,2433
12862,2434
12873,2435
12881,2436
12897,2437
12902,2438
12912,2439
12915,2440
12916,2441
12924,2442
12930,2443
12935,2444
12947,2445
12953,2446
12962,2447
12986,2448
12990,2449
13000,2450
13010,2451
13016,2452
13017,2453
13019,2454
13023,2455
13034,2456
13044,2457
13046,2458
13047,2459
13050,2460
13051,2461
13056,2462
13069,2463
13071,2464
13074,2465
13075,2466
13078,2467
13083,2468
13085,2469
13086,2470
13091,2471
13102,2472
13114,2473
13120,2474
13138,2475
13144,2476
13149,2477
13152,2478
13161,2479
13174,2480
13186,2481
13190,2482
13192,2483
13195,2484
13196,2485
13197,2486
13198,2487
13211,2488
13213,2489
13220,2490
13221,2491
13225,2492
13228,2493
13232,2494
13235,2495
13240,2496
13241,2497
13255,2498
13257,2499
13262,2500
13270,2501
13276,2502
13278,2503
13288,2504
13292,2505
13298,2506
13311,2507
13322,2508
13338,2509
13345,2510
13364,2511
13386,2512
13389,2513
13392,2514
13402,2515
13413,2516
13416,2517
13421,2518
13423,2519
13426,2520
13427,2521
13434,2522
13437,2523
13443,2524
13445,2525
13456,2526
13457,2527
13464,2528
13471,2529
13475,2530
13478,2531
13479,2532
13480,2533
13483,2534
13489,2535
13490,2536
13496,2537
13506,2538
13508,2539
13509,2540
13519,2541
13521,2542
13531,2543
13544,2544
13546,2545
13563,2546
13565,2547
13579,2548
13583,2549
13601,2550
13607,2551
13609,2552
13617,2553
13622,2554
13625,2555
13626,2556
13631,2557
13633,2558
13640,2559
13646,2560
13647,2561
13655,2562
13657,2563
13658,2564
13667,2565
13672,2566
13674,2567
13678,2568
13686,2569
13687,2570
13689,2571
13708,2572
13709,2573
13712,2574
13720,2575
13741,2576
13747,2577
13752,2578
13755,2579
13758,2580
13763,2581
13775,2582
13777,2583
13779,2584
13782,2585
13788,2586
13799,2587
13803,2588
13811,2589
13812,2590
13823,2591
13833,2592
13844,2593
13850,2594
13851,2595
13854,2596
13855,2597
13860,2598
13868,2599
13870,2600
13873,2601
13874,2602
13886,2603
13892,2604
13894,2605
13903,2606
13904,2607
13905,2608
13906,2609
13913,2610
13928,2611
13929,2612
13939,2613
13951,2614
13953,2615
13957,2616
13958,2617
13961,2618
13977,2619
13982,2620
13988,2621
13990,2622
13994,2623
13998,2624
13999,2625
14001,2626
14004,2627
14009,2628
14010,2629
14015,2630
14018,2631
14020,2632
14026,2633
14031,2634
14033,2635
14035,2636
14045,2637
14047,2638
14058,2639
14063,2640
14067,2641
14070,2642
14081,2643
14092,2644
14098,2645
14099,2646
14104,2647
14116,2648
14128,2649
14133,2650
14135,2651
14149,2652
14166,2653
14174,2654
14181,2655
14184,2656
14186,2657
14192,2658
14202,2659
14206,2660
14207,2661
14215,2662
14223,2663
14230,2664
14234,2665
14237,2666
14246,2667
14252,2668
14262,2669
14265,2670
14267,2671
14270,2672
14271,2673
14283,2674
14296,2675
14299,2676
14301,2677
14309,2678
14310,2679
14311,2680
14330,2681
14331,2682
14335,2683
14336,2684
14345,2685
14346,2686
14354,2687
14355,2688
14362,2689
14367,2690
14369,2691
14378,2692
14385,2693
14390,2694
14393,2695
14400,2696
14402,2697
14410,2698
14419,2699
14421,2700
14429,2701
14436,2702
14443,2703
14444,2704
14447,2705
14449,2706
14451,2707
14453,2708
14455,2709
14458,2710
14464,2711
14478,2712
14493,2713
14502,2714
14510,2715
14512,2716
14521,2717
14523,2718
14525,2719
14528,2720
14532,2721
14538,2722
14544,2723
14547,2724
14559,2725
14564,2726
14566,2727
14567,2728
14568,2729
14584,2730
14587,2731
14589,2732
14592,2733
14594,2734
14595,2735
14601,2736
14605,2737
14606,2738
14617,2739
14619,2740
14620,2741
14625,2742
14637,2743
14646,2744
14648,2745
14651,2746
14652,2747
14660,2748
14667,2749
14672,2750
14673,2751
14674,2752
14675,2753
14683,2754
14688,2755
14689,2756
14693,2757
14708,2758
14710,2759
14715,2760
14730,2761
14731,2762
14735,2763
14740,2764
14746,2765
14754,2766
14755,2767
14758,2768
14760,2769
14765,2770
14767,2771
14769,2772
14771,2773
14779,2774
14781,2775
14791,2776
14793,2777
14795,2778
14797,2779
14809,2780
14816,2781
14826,2782
14830,2783
14834,2784
14836,2785
14848,2786
14853,2787
14872,2788
14874,2789
14878,2790
14882,2791
14883,2792
14893,2793
14895,2794
14901,2795
14902,2796
14905,2797
14909,2798
14912,2799
14913,2800
14921,2801
14923,2802
14929,2803
14937,2804
14938,2805
14944,2806
14946,2807
14949,2808
14950,2809
14962,2810
14973,2811
14976,2812
14986,2813
14988,2814
14989,2815
14990,2816
14992,2817
14995,2818
14998,2819
15003,2820
15006,2821
15013,2822
15016,2823
15018,2824
15019,2825
15020,2826
15029,2827
15030,2828
15034,2829
15041,2830
15047,2831
15052,2832
15055,2833
15063,2834
15067,2835
15070,2836
15081,2837
15083,2838
15088,2839
15089,2840
15099,2841
15110,2842
15118,2843
15131,2844
15140,2845
15141,2846
15150,2847
15157,2848
15158,2849
15163,2850
15169,2851
15175,2852
15179,2853
15183,2854
15184,2855
15190,2856
15192,2857
15212,2858
15213,2859
15216,2860
15222,2861
15227,2862
15233,2863
15237,2864
15239,2865
15263,2866
15265,2867
15277,2868
15278,2869
15288,2870
15302,2871
15311,2872
15314,2873
15319,2874
15329,2875
15331,2876
15332,2877
15333,2878
15335,2879
15340,2880
15342,2881
15343,2882
15348,2883
15364,2884
15366,2885
15368,2886
15375,2887
15389,2888
15390,2889
15392,2890
15396,2891
15398,2892
15399,2893
15400,2894
15404,2895
15407,2896
15411,2897
15412,2898
15418,2899
15423,2900
15435,2901
15444,2902
15445,2903
15452,2904
15453,2905
15470,2906
15476,2907
15479,2908
15486,2909
15496,2910
15501,2911
15504,2912
15508,2913
15512,2914
15516,2915
15517,2916
15518,2917
15522,2918
15534,2919
15538,2920
15542,2921
15548,2922
15549,2923
15553,2924
15555,2925
15557,2926
15558,2927
15561,2928
15564,2929
15579,2930
15597,2931
15602,2932
15611,2933
15612,2934
15615,2935
15617,2936
15632,2937
15634,2938
15636,2939
15638,2940
15643,2941
15647,2942
15652,2943
15675,2944
15678,2945
15688,2946
15692,2947
15693,2948
15712,2949
15713,2950
15715,2951
15716,2952
15725,2953
15737,2954
15739,2955
15749,2956
15758,2957
15771,2958
15772,2959
15774,2960
15788,2961
15793,2962
15795,2963
15797,2964
15801,2965
15805,2966
15807,2967
15811,2968
15815,2969
15818,2970
15824,2971
15826,2972
15830,2973
15836,2974
15840,2975
15846,2976
15853,2977
15866,2978
15869,2979
15873,2980
15875,2981
15876,2982
15877,2983
15892,2984
15894,2985
15896,2986
15902,2987
15903,2988
15908,2989
15912,2990
15913,2991
15922,2992
15926,2993
15927,2994
15936,2995
15941,2996
15943,2997
15955,2998
15960,2999
15965,3000
15967,3001
15972,3002
15973,3003
15975,3004
15977,3005
15981,3006
15983,3007
15985,3008
15991,3009
15992,3010
16002,3011
16013,3012
16017,3013
16023,3014
16025,3015
16031,3016
16034,3017
16035,3018
16040,3019
16045,3020
16053,3021
16055,3022
16058,3023
16061,3024
16062,3025
16065,3026
16068,3027
16077,3028
16079,3029
16086,3030
16092,3031
16093,3032
16094,3033
16104,3034
16107,3035
16108,3036
16109,3037
16112,3038
16123,3039
16126,3040
16132,3041
16143,3042
16150,3043
16153,3044
16159,3045
16172,3046
16180,3047
16183,3048
16193,3049
16197,3050
16208,3051
16222,3052
16227,3053
16233,3054
16234,3055
16235,3056
16238,3057
16241,3058
16247,3059
16249,3060
16253,3061
16254,3062
16261,3063
16262,3064
16264,3065
16266,3066
16269,3067
16273,3068
16279,3069
16282,3070
16292,3071
16293,3072
16296,3073
16297,3074
16298,3075
16299,3076
16306,3077
16308,3078
16310,3079
16314,3080
16315,3081
16318,3082
16320,3083
16324,3084
16325,3085
16326,3086
16348,3087
16355,3088
16368,3089
16376,3090
16377,3091
16380,3092
16381,3093
16392,3094
16400,3095
16401,3096
16403,3097
16408,3098
16420,3099
16429,3100
16432,3101
16436,3102
16439,3103
16457,3104
16458,3105
16464,3106
16466,3107
16467,3108
16468,3109
16469,3110
16470,3111
16476,3112
16479,3113
16484,3114
16486,3115
16487,3116
16498,3117
16501,3118
16503,3119
16504,3120
16506,3121
16515,3122
16516,3123
16517,3124
16524,3125
16526,3126
16530,3127
16544,3128
16546,3129
16549,3130
16552,3131
16558,3132
16560,3133
16564,3134
16566,3135
16570,3136
16575,3137
16576,3138
16580,3139
16582,3140
16583,3141
16588,3142
16601,3143
16611,3144
16613,3145
16615,3146
16616,3147
16617,3148
16618,3149
16621,3150
16622,3151
16624,3152
16640,3153
16641,3154
16642,3155
16651,3156
16655,3157
16667,3158
16673,3159
16676,3160
16681,3161
16693,3162
16697,3163
16708,3164
16724,3165
16753,3166
16757,3167
16765,3168
16768,3169
16771,3170
16774,3171
16781,3172
16783,3173
16796,3174
16798,3175
16806,3176
16808,3177
16815,3178
16833,3179
16838,3180
16840,3181
16846,3182
16854,3183
16855,3184
16856,3185
16865,3186
16872,3187
16877,3188
16884,3189
16886,3190
16895,3191
16904,3192
16905,3193
16909,3194
16918,3195
16919,3196
16920,3197
16923,3198
16925,3199
16926,3200
16934,3201
16947,3202
16955,3203
16968,3204
16984,3205
16987,3206
16990,3207
16993,3208
16994,3209
17001,3210
17025,3211
17034,3212
17041,3213
17042,3214
17059,3215
17062,3216
17068,3217
17070,3218
17074,3219
17079,3220
17080,3221
17082,3222
17083,3223
17086,3224
17091,3225
17092,3226
17097,3227
17106,3228
17112,3229
17123,3230
17127,3231
17132,3232
17136,3233
17138,3234
17141,3235
17145,3236
17152,3237
17154,3238
17163,3239
17164,3240
17169,3241
17171,3242
17173,3243
17180,3244
17181,3245
17182,3246
17191,3247
17197,3248
17198,3249
17213,3250
17214,3251
17219,3252
17229,3253
17235,3254
17239,3255
17242,3256
17244,3257
17252,3258
17256,3259
17269,3260
17270,3261
17272,3262
17279,3263
17284,3264
17286,3265
17292,3266
17298,3267
17304,3268
17305,3269
17307,3270
17312,3271
17313,3272
17315,3273
17321,3274
17338,3275
17348,3276
17361,3277
17362,3278
17369,3279
17372,3280
17376,3281
17378,3282
17380,3283
17385,3284
17394,3285
17399,3286
17405,3287
17419,3288
17420,3289
17445,3290
17453,3291
17460,3292
17467,3293
17478,3294
17484,3295
17491,3296
17497,3297
17500,3298
17501,3299
17504,3300
17509,3301
17515,3302
17518,3303
17522,3304
17529,3305
17530,3306
17537,3307
17540,3308
17541,3309
17542,3310
17549,3311
17566,3312
17567,3313
17568,3314
17569,3315
17575,3316
17599,3317
17601,3318
17604,3319
17624,3320
17631,3321
17633,3322
17634,3323
17638,3324
17639,3325
17644,3326
17652,3327
17653,3328
17654,3329
17655,3330
17658,3331
17659,3332
17668,3333
17669,3334
17674,3335
17682,3336
17685,3337
17697,3338
17716,3339
17720,3340
17722,3341
17728,3342
17729,3343
17732,3344
17739,3345
17744,3346
17745,3347
17750,3348
17761,3349
17762,3350
17763,3351
17771,3352
17777,3353
17779,3354
17781,3355
17790,3356
17795,3357
17801,3358
17804,3359
17807,3360
17811,3361
17825,3362
17826,3363
17838,3364
17855,3365
17860,3366
17866,3367
17872,3368
17881,3369
17882,3370
17884,3371
17892,3372
17903,3373
17917,3374
17921,3375
17922,3376
17923,3377
17925,3378
17929,3379
17930,3380
17944,3381
17948,3382
17949,3383
17952,3384
17954,3385
17968,3386
17969,3387
17972,3388
17976,3389
17979,3390
17984,3391
17985,3392
17986,3393
17987,3394
18005,3395
18008,3396
18015,3397
18021,3398
18022,3399
18038,3400
18041,3401
