orig_qid,item_id
0,0
1,1
2,2
3,3
4,4
5,5
6,6
7,7
8,8
9,9
10,10
11,11
12,12
13,13
14,14
15,15
16,16
17,17
18,18
19,19
20,20
21,21
22,22
23,23
24,24
25,25
26,26
27,27
28,28
29,29
30,30
31,31
32,32
33,33
34,34
35,35
36,36
37,37
38,38
39,39
40,40
41,41
42,42
43,43
44,44
45,45
46,46
47,47
48,48
49,49
50,50
51,51
52,52
53,53
54,54
55,55
56,56
57,57
58,58
59,59
60,60
61,61
62,62
63,63
64,64
65,65
66,66
67,67
68,68
69,69
70,70
71,71
72,72
73,73
74,74
75,75
76,76
77,77
78,78
79,79
80,80
81,81
82,82
83,83
84,84
85,85
86,86
87,87
88,88
89,89
90,90
91,91
92,92
93,93
94,94
95,95
96,96
97,97
98,98
99,99
100,100
101,101
102,102
103,103
104,104
105,105
106,106
107,107
108,108
109,109
110,110
111,111
112,112
113,113
114,114
115,115
116,116
117,117
118,118
119,119
120,120
121,121
122,122
123,123
124,124
125,125
126,126
127,127
128,128
129,129
130,130
131,131
132,132
133,133
134,134
135,135
136,136
137,137
138,138
139,139
140,140
141,141
142,142
143,143
144,144
145,145
146,146
147,147
148,148
149,149
150,150
151,151
152,152
153,153
154,154
155,155
156,156
157,157
158,158
159,159
160,160
161,161
162,162
163,163
164,164
165,165
166,166
167,167
168,168
169,169
170,170
171,171
172,172
173,173
174,174
175,175
176,176
177,177
178,178
179,179
180,180
181,181
182,182
183,183
184,184
185,185
186,186
187,187
188,188
189,189
190,190
191,191
192,192
193,193
194,194
195,195
196,196
197,197
198,198
199,199
200,200
201,201
202,202
203,203
204,204
205,205
206,206
207,207
208,208
209,209
210,210
211,211
212,212
213,213
214,214
215,215
216,216
217,217
218,218
219,219
220,220
221,221
222,222
223,223
224,224
225,225
226,226
227,227
228,228
229,229
230,230
231,231
232,232
233,233
234,234
235,235
236,236
237,237
238,238
239,239
240,240
241,241
242,242
243,243
244,244
245,245
246,246
247,247
248,248
249,249
250,250
251,251
252,252
253,253
254,254
255,255
256,256
257,257
258,258
259,259
260,260
261,261
262,262
263,263
264,264
265,265
266,266
267,267
268,268
269,269
270,270
271,271
272,272
273,273
274,274
275,275
276,276
277,277
278,278
279,279
280,280
281,281
282,282
283,283
284,284
285,285
286,286
287,287
288,288
289,289
290,290
291,291
292,292
293,293
294,294
295,295
296,296
297,297
298,298
299,299
300,300
301,301
302,302
303,303
304,304
305,305
306,306
307,307
308,308
309,309
310,310
311,311
312,312
313,313
314,314
315,315
316,316
317,317
318,318
319,319
320,320
321,321
322,322
323,323
324,324
325,325
326,326
327,327
328,328
329,329
330,330
331,331
332,332
333,333
334,334
335,335
336,336
337,337
338,338
339,339
340,340
341,341
342,342
343,343
344,344
345,345
346,346
347,347
348,348
349,349
350,350
351,351
352,352
353,353
354,354
355,355
356,356
357,357
358,358
359,359
360,360
361,361
362,362
363,363
364,364
365,365
366,366
367,367
368,368
369,369
370,370
371,371
372,372
373,373
374,374
375,375
376,376
377,377
378,378
379,379
380,380
381,381
382,382
383,383
384,384
385,385
386,386
387,387
388,388
389,389
390,390
391,391
392,392
393,393
394,394
395,395
396,396
397,397
398,398
399,399
400,400
401,401
402,402
403,403
404,404
405,405
406,406
407,407
408,408
409,409
410,410
411,411
412,412
413,413
414,414
415,415
416,416
417,417
418,418
419,419
420,420
421,421
422,422
423,423
424,424
425,425
426,426
427,427
428,428
429,429
430,430
431,431
432,432
433,433
434,434
435,435
436,436
437,437
438,438
439,439
440,440
441,441
442,442
443,443
444,444
445,445
446,446
447,447
448,448
449,449
450,450
451,451
452,452
453,453
454,454
455,455
456,456
457,457
458,458
459,459
460,460
461,461
462,462
463,463
464,464
465,465
466,466
467,467
468,468
469,469
470,470
471,471
472,472
473,473
474,474
475,475
476,476
477,477
478,478
479,479
480,480
481,481
482,482
483,483
484,484
485,485
486,486
487,487
488,488
489,489
490,490
491,491
492,492
493,493
494,494
495,495
496,496
497,497
498,498
499,499
500,500
501,501
502,502
503,503
504,504
505,505
506,506
507,507
508,508
509,509
510,510
511,511
512,512
513,513
514,514
515,515
516,516
517,517
518,518
519,519
520,520
521,521
522,522
523,523
524,524
525,525
526,526
527,527
528,528
529,529
530,530
531,531
532,532
533,533
534,534
535,535
536,536
537,537
538,538
539,539
540,540
541,541
542,542
543,543
544,544
545,545
546,546
547,547
548,548
549,549
550,550
551,551
552,552
553,553
554,554
555,555
556,556
557,557
558,558
559,559
560,560
561,561
562,562
563,563
564,564
565,565
566,566
567,567
568,568
569,569
570,570
571,571
572,572
573,573
574,574
575,575
576,576
577,577
578,578
579,579
580,580
581,581
582,582
583,583
584,584
585,585
586,586
587,587
588,588
589,589
590,590
591,591
592,592
593,593
594,594
595,595
596,596
597,597
598,598
599,599
600,600
601,601
602,602
603,603
604,604
605,605
606,606
607,607
608,608
609,609
610,610
611,611
612,612
613,613
614,614
615,615
616,616
617,617
618,618
619,619
620,620
621,621
622,622
623,623
624,624
625,625
626,626
627,627
628,628
629,629
630,630
631,631
632,632
633,633
634,634
635,635
636,636
637,637
638,638
639,639
640,640
641,641
642,642
643,643
644,644
645,645
646,646
647,647
648,648
649,649
650,650
651,651
652,652
653,653
654,654
655,655
656,656
657,657
658,658
659,659
660,660
661,661
662,662
663,663
664,664
665,665
666,666
667,667
668,668
669,669
670,670
671,671
672,672
673,673
674,674
675,675
676,676
677,677
678,678
679,679
680,680
681,681
682,682
683,683
684,684
685,685
686,686
687,687
688,688
689,689
690,690
691,691
692,692
693,693
694,694
695,695
696,696
697,697
698,698
699,699
700,700
701,701
702,702
703,703
704,704
705,705
706,706
707,707
708,708
709,709
710,710
711,711
712,712
713,713
714,714
715,715
716,716
717,717
718,718
719,719
720,720
721,721
722,722
723,723
724,724
725,725
726,726
727,727
728,728
729,729
730,730
731,731
732,732
733,733
734,734
735,735
736,736
737,737
738,738
739,739
740,740
741,741
742,742
743,743
744,744
745,745
746,746
747,747
748,748
749,749
750,750
751,751
752,752
753,753
754,754
755,755
756,756
757,757
758,758
759,759
760,760
761,761
762,762
763,763
764,764
765,765
766,766
767,767
768,768
769,769
770,770
771,771
772,772
773,773
774,774
775,775
776,776
777,777
778,778
779,779
780,780
781,781
782,782
783,783
784,784
785,785
786,786
787,787
788,788
789,789
790,790
791,791
792,792
793,793
794,794
795,795
796,796
797,797
798,798
799,799
800,800
801,801
802,802
803,803
804,804
805,805
806,806
807,807
808,808
809,809
810,810
811,811
812,812
813,813
814,814
815,815
816,816
817,817
818,818
819,819
820,820
821,821
822,822
823,823
824,824
825,825
826,826
827,827
828,828
829,829
830,830
831,831
832,832
833,833
834,834
835,835
836,836
837,837
838,838
839,839
840,840
841,841
842,842
843,843
844,844
845,845
846,846
847,847
848,848
849,849
850,850
851,851
852,852
853,853
854,854
855,855
856,856
857,857
858,858
859,859
860,860
861,861
862,862
863,863
864,864
865,865
866,866
867,867
868,868
869,869
870,870
871,871
872,872
873,873
874,874
875,875
876,876
877,877
878,878
879,879
880,880
881,881
882,882
883,883
884,884
885,885
886,886
887,887
888,888
889,889
890,890
891,891
892,892
893,893
894,894
895,895
896,896
897,897
898,898
899,899
900,900
901,901
902,902
903,903
904,904
905,905
906,906
907,907
908,908
909,909
910,910
911,911
912,912
913,913
914,914
915,915
916,916
917,917
918,918
919,919
920,920
921,921
922,922
923,923
924,924
925,925
926,926
927,927
928,928
929,929
930,930
931,931
932,932
933,933
934,934
935,935
936,936
937,937
938,938
939,939
940,940
941,941
942,942
943,943
944,944
945,945
946,946
947,947
948,948
949,949
950,950
951,951
952,952
953,953
954,954
955,955
956,956
957,957
958,958
959,959
960,960
961,961
962,962
963,963
964,964
965,965
966,966
967,967
968,968
969,969
970,970
971,971
972,972
973,973
974,974
975,975
976,976
977,977
978,978
979,979
980,980
981,981
982,982
983,983
984,984
985,985
986,986
987,987
988,988
989,989
990,990
991,991
992,992
993,993
994,994
995,995
996,996
997,997
998,998
999,999
1000,1000
1001,1001
1002,1002
1003,1003
1004,1004
1005,1005
1006,1006
1007,1007
1008,1008
1009,1009
1010,1010
1011,1011
1012,1012
1013,1013
1014,1014
1015,1015
1016,1016
1017,1017
1018,1018
1019,1019
1020,1020
1021,1021
1022,1022
1023,1023
1024,1024
1025,1025
1026,1026
1027,1027
1028,1028
1029,1029
1030,1030
1031,1031
1032,1032
1033,1033
1034,1034
1035,1035
1036,1036
1037,1037
1038,1038
1039,1039
1040,1040
1041,1041
1042,1042
1043,1043
1044,1044
1045,1045
1046,1046
1047,1047
1048,1048
1049,1049
1050,1050
1051,1051
1052,1052
1053,1053
1054,1054
1055,1055
1056,1056
1057,1057
1058,1058
1059,1059
1060,1060
1061,1061
1062,1062
1063,1063
1064,1064
1065,1065
1066,1066
1067,1067
1068,1068
1069,1069
1070,1070
1071,1071
1072,1072
1073,1073
1074,1074
1075,1075
1076,1076
1077,1077
1078,1078
1079,1079
1080,1080
1081,1081
1082,1082
1083,1083
1084,1084
1085,1085
1086,1086
1087,1087
1088,1088
1089,1089
1090,1090
1091,1091
1092,1092
1093,1093
1094,1094
1095,1095
1096,1096
1097,1097
1098,1098
1099,1099
1100,1100
1101,1101
1102,1102
1103,1103
1104,1104
1105,1105
1106,1106
1107,1107
1108,1108
1109,1109
1110,1110
1111,1111
1112,1112
1113,1113
1114,1114
1115,1115
1116,1116
1117,1117
1118,1118
1119,1119
1120,1120
1121,1121
1122,1122
1123,1123
1124,1124
1125,1125
1126,1126
1127,1127
1128,1128
1129,1129
1130,1130
1131,1131
1132,1132
1133,1133
1134,1134
1135,1135
1136,1136
1137,1137
1138,1138
1139,1139
1140,1140
1141,1141
1142,1142
1143,1143
1144,1144
1145,1145
1146,1146
1147,1147
1148,1148
1149,1149
1150,1150
1151,1151
1152,1152
1153,1153
1154,1154
1155,1155
1156,1156
1157,1157
1158,1158
1159,1159
1160,1160
1161,1161
1162,1162
1163,1163
1164,1164
1165,1165
1166,1166
1167,1167
1168,1168
1169,1169
1170,1170
1171,1171
1172,1172
1173,1173
1174,1174
1175,1175
1176,1176
1177,1177
1178,1178
1179,1179
1180,1180
1181,1181
1182,1182
1183,1183
1184,1184
1185,1185
1186,1186
1187,1187
1188,1188
1189,1189
1190,1190
1191,1191
1192,1192
1193,1193
1194,1194
1195,1195
1196,1196
1197,1197
1198,1198
1199,1199
1200,1200
1201,1201
1202,1202
1203,1203
1204,1204
1205,1205
1206,1206
1207,1207
1208,1208
1209,1209
1210,1210
1211,1211
1212,1212
1213,1213
1214,1214
1215,1215
1216,1216
1217,1217
1218,1218
1219,1219
1220,1220
1221,1221
1222,1222
1223,1223
1224,1224
1225,1225
1226,1226
1227,1227
1228,1228
1229,1229
1230,1230
1231,1231
1232,1232
1233,1233
1234,1234
1235,1235
1236,1236
1237,1237
1238,1238
1239,1239
1240,1240
1241,1241
1242,1242
1243,1243
1244,1244
1245,1245
1246,1246
1247,1247
1248,1248
1249,1249
1250,1250
1251,1251
1252,1252
1253,1253
1254,1254
1255,1255
1256,1256
1257,1257
1258,1258
1259,1259
1260,1260
1261,1261
1262,1262
1263,1263
1264,1264
1265,1265
1266,1266
1267,1267
1268,1268
1269,1269
1270,1270
1271,1271
1272,1272
1273,1273
1274,1274
1275,1275
1276,1276
1277,1277
1278,1278
1279,1279
1280,1280
1281,1281
1282,1282
1283,1283
1284,1284
1285,1285
1286,1286
1287,1287
1288,1288
1289,1289
1290,1290
1291,1291
1292,1292
1293,1293
1294,1294
1295,1295
1296,1296
1297,1297
1298,1298
1299,1299
1300,1300
1301,1301
1302,1302
1303,1303
1304,1304
1305,1305
1306,1306
1307,1307
1308,1308
1309,1309
1310,1310
1311,1311
1312,1312
1313,1313
1314,1314
1315,1315
1316,1316
1317,1317
1318,1318
1319,1319
1320,1320
1321,1321
1322,1322
1323,1323
1324,1324
1325,1325
1326,1326
1327,1327
1328,1328
1329,1329
1330,1330
1331,1331
1332,1332
1333,1333
1334,1334
1335,1335
1336,1336
1337,1337
1338,1338
1339,1339
1340,1340
1341,1341
1342,1342
1343,1343
1344,1344
1345,1345
1346,1346
1347,1347
1348,1348
1349,1349
1350,1350
1351,1351
1352,1352
1353,1353
1354,1354
1355,1355
1356,1356
1357,1357
1358,1358
1359,1359
1360,1360
1361,1361
1362,1362
1363,1363
1364,1364
1365,1365
1366,1366
1367,1367
1368,1368
1369,1369
1370,1370
1371,1371
1372,1372
1373,1373
1374,1374
1375,1375
1376,1376
1377,1377
1378,1378
1379,1379
1380,1380
1381,1381
1382,1382
1383,1383
1384,1384
1385,1385
1386,1386
1387,1387
1388,1388
1389,1389
1390,1390
1391,1391
1392,1392
1393,1393
1394,1394
1395,1395
1396,1396
1397,1397
1398,1398
1399,1399
1400,1400
1401,1401
1402,1402
1403,1403
1404,1404
1405,1405
1406,1406
1407,1407
1408,1408
1409,1409
1410,1410
1411,1411
1412,1412
1413,1413
1414,1414
1415,1415
1416,1416
1417,1417
1418,1418
1419,1419
1420,1420
1421,1421
1422,1422
1423,1423
1424,1424
1425,1425
1426,1426
1427,1427
1428,1428
1429,1429
1430,1430
1431,1431
1432,1432
1433,1433
1434,1434
1435,1435
1436,1436
1437,1437
1438,1438
1439,1439
1440,1440
1441,1441
1442,1442
1443,1443
1444,1444
1445,1445
1446,1446
1447,1447
1448,1448
1449,1449
1450,1450
1451,1451
1452,1452
1453,1453
1454,1454
1455,1455
1456,1456
1457,1457
1458,1458
1459,1459
1460,1460
1461,1461
1462,1462
1463,1463
1464,1464
1465,1465
1466,1466
1467,1467
1468,1468
1469,1469
1470,1470
1471,1471
1472,1472
1473,1473
1474,1474
1475,1475
1476,1476
1477,1477
1478,1478
1479,1479
1480,1480
1481,1481
1482,1482
1483,1483
1484,1484
1485,1485
1486,1486
1487,1487
1488,1488
1489,1489
1490,1490
1491,1491
1492,1492
1493,1493
1494,1494
1495,1495
1496,1496
1497,1497
1498,1498
1499,1499
1500,1500
1501,1501
1502,1502
1503,1503
1504,1504
1505,1505
1506,1506
1507,1507
1508,1508
1509,1509
1510,1510
1511,1511
1512,1512
1513,1513
1514,1514
1515,1515
1516,1516
1517,1517
1518,1518
1519,1519
1520,1520
1521,1521
1522,1522
1523,1523
1524,1524
1525,1525
1526,1526
1527,1527
1528,1528
1529,1529
1530,1530
1531,1531
1532,1532
1533,1533
1534,1534
1535,1535
1536,1536
1537,1537
1538,1538
1540,1539
1541,1540
1542,1541
1543,1542
1544,1543
1545,1544
1546,1545
1547,1546
1548,1547
1549,1548
1550,1549
1551,1550
1552,1551
1553,1552
1554,1553
1555,1554
1556,1555
1557,1556
1558,1557
1559,1558
1560,1559
1561,1560
1562,1561
1563,1562
1564,1563
1565,1564
1566,1565
1567,1566
1568,1567
1569,1568
1570,1569
1571,1570
1572,1571
1573,1572
1574,1573
1575,1574
1576,1575
1577,1576
1578,1577
1579,1578
1580,1579
1581,1580
1582,1581
1583,1582
1584,1583
1585,1584
1586,1585
1587,1586
1588,1587
1589,1588
1590,1589
1591,1590
1592,1591
1593,1592
1594,1593
1595,1594
1596,1595
1597,1596
1598,1597
1599,1598
1600,1599
1601,1600
1602,1601
1603,1602
1604,1603
1605,1604
1606,1605
1607,1606
1608,1607
1609,1608
1610,1609
1611,1610
1612,1611
1613,1612
1614,1613
1615,1614
1616,1615
1617,1616
1618,1617
1619,1618
1620,1619
1621,1620
1622,1621
1623,1622
1624,1623
1625,1624
1626,1625
1627,1626
1628,1627
1629,1628
1630,1629
1631,1630
1632,1631
1633,1632
1634,1633
1635,1634
1636,1635
1637,1636
1638,1637
1639,1638
1640,1639
1641,1640
1642,1641
1644,1642
1645,1643
1646,1644
1647,1645
1648,1646
1649,1647
1650,1648
1651,1649
1652,1650
1653,1651
1654,1652
1655,1653
1656,1654
1657,1655
1658,1656
1659,1657
1660,1658
1661,1659
1662,1660
1663,1661
1664,1662
1665,1663
1666,1664
1667,1665
1668,1666
1669,1667
1670,1668
1671,1669
1672,1670
1673,1671
1674,1672
1675,1673
1676,1674
1677,1675
1678,1676
1679,1677
1680,1678
1681,1679
1682,1680
1683,1681
1684,1682
1685,1683
1686,1684
1687,1685
1688,1686
1689,1687
1690,1688
1691,1689
1692,1690
1693,1691
1694,1692
1695,1693
1696,1694
1697,1695
1698,1696
1699,1697
1700,1698
1701,1699
1702,1700
1703,1701
1704,1702
1705,1703
1706,1704
1707,1705
1708,1706
1709,1707
1710,1708
1711,1709
1712,1710
1713,1711
1714,1712
1715,1713
1716,1714
1717,1715
1718,1716
1719,1717
1720,1718
1721,1719
1722,1720
1723,1721
1724,1722
1725,1723
1726,1724
1727,1725
1728,1726
1729,1727
1730,1728
1731,1729
1732,1730
1733,1731
1734,1732
1735,1733
1736,1734
1737,1735
1738,1736
1739,1737
1740,1738
1741,1739
1742,1740
1743,1741
1744,1742
1745,1743
1746,1744
1747,1745
1748,1746
1749,1747
1750,1748
1751,1749
1752,1750
1753,1751
1754,1752
1755,1753
1756,1754
1757,1755
1758,1756
1759,1757
1760,1758
1761,1759
1762,1760
1763,1761
1764,1762
1765,1763
1766,1764
1767,1765
1768,1766
1769,1767
1770,1768
1771,1769
1772,1770
1773,1771
1774,1772
1775,1773
1776,1774
1777,1775
1778,1776
1779,1777
1780,1778
1781,1779
1782,1780
1783,1781
1784,1782
1785,1783
1786,1784
1787,1785
1788,1786
1789,1787
1790,1788
1791,1789
1792,1790
1793,1791
1794,1792
1795,1793
1796,1794
1797,1795
1798,1796
1799,1797
1800,1798
1801,1799
1802,1800
1803,1801
1804,1802
1805,1803
1806,1804
1807,1805
1808,1806
1809,1807
1810,1808
1811,1809
1812,1810
1813,1811
1814,1812
1815,1813
1816,1814
1817,1815
1818,1816
1819,1817
1820,1818
1821,1819
1822,1820
1823,1821
1824,1822
1825,1823
1826,1824
1827,1825
1828,1826
1829,1827
1830,1828
1831,1829
1832,1830
1833,1831
1834,1832
1835,1833
1836,1834
1837,1835
1838,1836
1839,1837
1840,1838
1841,1839
1842,1840
1843,1841
1844,1842
1845,1843
1846,1844
1847,1845
1848,1846
1849,1847
1850,1848
1851,1849
1852,1850
1853,1851
1854,1852
1855,1853
1856,1854
1857,1855
1858,1856
1859,1857
1860,1858
1861,1859
1862,1860
1863,1861
1864,1862
1865,1863
1866,1864
1867,1865
1868,1866
1869,1867
1870,1868
1871,1869
1872,1870
1873,1871
1874,1872
1875,1873
1876,1874
1877,1875
1878,1876
1879,1877
1880,1878
1881,1879
1882,1880
1883,1881
1884,1882
1885,1883
1886,1884
1887,1885
1888,1886
1889,1887
1890,1888
1891,1889
1892,1890
1893,1891
1894,1892
1895,1893
1896,1894
1897,1895
1898,1896
1899,1897
1900,1898
1901,1899
1902,1900
1903,1901
1904,1902
1905,1903
1906,1904
1907,1905
1908,1906
1909,1907
1910,1908
1911,1909
1912,1910
1913,1911
1914,1912
1915,1913
1916,1914
1917,1915
1918,1916
1919,1917
1920,1918
1921,1919
1922,1920
1923,1921
1924,1922
1925,1923
1926,1924
1927,1925
1928,1926
1929,1927
1930,1928
1931,1929
1932,1930
1933,1931
1934,1932
1935,1933
1936,1934
1937,1935
1938,1936
1939,1937
1940,1938
1941,1939
1942,1940
1943,1941
1944,1942
1945,1943
1946,1944
1947,1945
1948,1946
1949,1947
1950,1948
1951,1949
1952,1950
1953,1951
1954,1952
1955,1953
1956,1954
1957,1955
1958,1956
1959,1957
1960,1958
1961,1959
1962,1960
1963,1961
1964,1962
1965,1963
1966,1964
1967,1965
1968,1966
1969,1967
1970,1968
1971,1969
1972,1970
1973,1971
1974,1972
1975,1973
1976,1974
1977,1975
1978,1976
1979,1977
1980,1978
1981,1979
1982,1980
1983,1981
1984,1982
1985,1983
1986,1984
1987,1985
1988,1986
1989,1987
1990,1988
1991,1989
1992,1990
1993,1991
1994,1992
1995,1993
1996,1994
1997,1995
1998,1996
1999,1997
2000,1998
2001,1999
2002,2000
2003,2001
2004,2002
2005,2003
2006,2004
2007,2005
2008,2006
2009,2007
2010,2008
2011,2009
2012,2010
2013,2011
2014,2012
2015,2013
2016,2014
2017,2015
2018,2016
2019,2017
2020,2018
2021,2019
2022,2020
2023,2021
2024,2022
2025,2023
2026,2024
2027,2025
2028,2026
2029,2027
2030,2028
2031,2029
2032,2030
2033,2031
2034,2032
2035,2033
2036,2034
2037,2035
2038,2036
2039,2037
2040,2038
2041,2039
2042,2040
2043,2041
2044,2042
2045,2043
2046,2044
2047,2045
2048,2046
2049,2047
2050,2048
2051,2049
2052,2050
2053,2051
2054,2052
2055,2053
2056,2054
2057,2055
2058,2056
2059,2057
2060,2058
2061,2059
2062,2060
2063,2061
2064,2062
2065,2063
2066,2064
2067,2065
2068,2066
2069,2067
2070,2068
2071,2069
2072,2070
2073,2071
2074,2072
2075,2073
2076,2074
2077,2075
2078,2076
2079,2077
2080,2078
2081,2079
2082,2080
2083,2081
2084,2082
2085,2083
2086,2084
2087,2085
2088,2086
2089,2087
2090,2088
2091,2089
2092,2090
2093,2091
2094,2092
2095,2093
2096,2094
2097,2095
2098,2096
2099,2097
2100,2098
2101,2099
2102,2100
2103,2101
2104,2102
2105,2103
2106,2104
2107,2105
2108,2106
2109,2107
2110,2108
2111,2109
2112,2110
2113,2111
2114,2112
2115,2113
2116,2114
2117,2115
2118,2116
2119,2117
2120,2118
2121,2119
2122,2120
2123,2121
2124,2122
2125,2123
2126,2124
2127,2125
2128,2126
2129,2127
2130,2128
2131,2129
2132,2130
2133,2131
2134,2132
2135,2133
2136,2134
2137,2135
2138,2136
2139,2137
2140,2138
2141,2139
2142,2140
2143,2141
2144,2142
2145,2143
2146,2144
2147,2145
2148,2146
2149,2147
2150,2148
2151,2149
2152,2150
2153,2151
2154,2152
2155,2153
2156,2154
2157,2155
2158,2156
2159,2157
2160,2158
2161,2159
2162,2160
2163,2161
2164,2162
2165,2163
2166,2164
2167,2165
2168,2166
2169,2167
2170,2168
2171,2169
2172,2170
2173,2171
2174,2172
2175,2173
2176,2174
2177,2175
2178,2176
2179,2177
2180,2178
2181,2179
2182,2180
2183,2181
2184,2182
2185,2183
2186,2184
2187,2185
2188,2186
2189,2187
2190,2188
2191,2189
2192,2190
2193,2191
2194,2192
2195,2193
2196,2194
2197,2195
2198,2196
2199,2197
2200,2198
2201,2199
2202,2200
2203,2201
2204,2202
2205,2203
2206,2204
2207,2205
2208,2206
2209,2207
2210,2208
2211,2209
2212,2210
2213,2211
2214,2212
2215,2213
2216,2214
2217,2215
2218,2216
2219,2217
2220,2218
2221,2219
2222,2220
2223,2221
2224,2222
2225,2223
2226,2224
2227,2225
2228,2226
2229,2227
2230,2228
2231,2229
2232,2230
2233,2231
2234,2232
2235,2233
2236,2234
2237,2235
2238,2236
2239,2237
2240,2238
2241,2239
2242,2240
2243,2241
2244,2242
2245,2243
2246,2244
2247,2245
2248,2246
2249,2247
2250,2248
2251,2249
2252,2250
2253,2251
2254,2252
2255,2253
2256,2254
2257,2255
2258,2256
2259,2257
2260,2258
2261,2259
2262,2260
2263,2261
2264,2262
2265,2263
2266,2264
2267,2265
2268,2266
2269,2267
2270,2268
2271,2269
2272,2270
2273,2271
2274,2272
2275,2273
2276,2274
2277,2275
2278,2276
2279,2277
2280,2278
2281,2279
2282,2280
2283,2281
2284,2282
2285,2283
2286,2284
2287,2285
2288,2286
2289,2287
2290,2288
2291,2289
2292,2290
2293,2291
2294,2292
2295,2293
2296,2294
2297,2295
2298,2296
2299,2297
2300,2298
2301,2299
2302,2300
2303,2301
2304,2302
2305,2303
2306,2304
2307,2305
2308,2306
2309,2307
2310,2308
2311,2309
2312,2310
2313,2311
2314,2312
2315,2313
2316,2314
2317,2315
2318,2316
2319,2317
2320,2318
2321,2319
2322,2320
2323,2321
2324,2322
2325,2323
2326,2324
2327,2325
2328,2326
2329,2327
2330,2328
2331,2329
2332,2330
2333,2331
2334,2332
2335,2333
2336,2334
2337,2335
2338,2336
2339,2337
2340,2338
2341,2339
2342,2340
2343,2341
2344,2342
2345,2343
2346,2344
2347,2345
2348,2346
2349,2347
2350,2348
2351,2349
2352,2350
2353,2351
2354,2352
2355,2353
2356,2354
2357,2355
2358,2356
2359,2357
2360,2358
2361,2359
2362,2360
2363,2361
2364,2362
2365,2363
2366,2364
2367,2365
2368,2366
2369,2367
2370,2368
2371,2369
2372,2370
2373,2371
2374,2372
2375,2373
2376,2374
2377,2375
2378,2376
2379,2377
2380,2378
2381,2379
2382,2380
2383,2381
2384,2382
2385,2383
2386,2384
2387,2385
2388,2386
2389,2387
2390,2388
2391,2389
2392,2390
2393,2391
2394,2392
2395,2393
2396,2394
2397,2395
2398,2396
2399,2397
2400,2398
2401,2399
2402,2400
2403,2401
2404,2402
2405,2403
2406,2404
2407,2405
2408,2406
2409,2407
2410,2408
2411,2409
2412,2410
2413,2411
2414,2412
2415,2413
2416,2414
2417,2415
2418,2416
2419,2417
2420,2418
2421,2419
2422,2420
2423,2421
2424,2422
2425,2423
2426,2424
2427,2425
2428,2426
2429,2427
2430,2428
2431,2429
2432,2430
2433,2431
2434,2432
2435,2433
2436,2434
2437,2435
2438,2436
2439,2437
2440,2438
2441,2439
2442,2440
2443,2441
2444,2442
2445,2443
2446,2444
2447,2445
2448,2446
2449,2447
2450,2448
2451,2449
2452,2450
2453,2451
2454,2452
2455,2453
2456,2454
2457,2455
2458,2456
2459,2457
2460,2458
2461,2459
2462,2460
2463,2461
2464,2462
2465,2463
2466,2464
2467,2465
2468,2466
2469,2467
2470,2468
2471,2469
2472,2470
2473,2471
2474,2472
2475,2473
2476,2474
2477,2475
2478,2476
2479,2477
2480,2478
2481,2479
2482,2480
2483,2481
2484,2482
2485,2483
2486,2484
2487,2485
2488,2486
2489,2487
2490,2488
2491,2489
2492,2490
2493,2491
2494,2492
2495,2493
2496,2494
2497,2495
2498,2496
2499,2497
2500,2498
2501,2499
2502,2500
2503,2501
2504,2502
2505,2503
2506,2504
2507,2505
2508,2506
2509,2507
2510,2508
2511,2509
2512,2510
2513,2511
2514,2512
2515,2513
2516,2514
2517,2515
2518,2516
2519,2517
2520,2518
2521,2519
2522,2520
2523,2521
2524,2522
2525,2523
2526,2524
2527,2525
2528,2526
2529,2527
2530,2528
2531,2529
2532,2530
2533,2531
2534,2532
2535,2533
2536,2534
2537,2535
2538,2536
2539,2537
2540,2538
2541,2539
2542,2540
2543,2541
2544,2542
2545,2543
2546,2544
2547,2545
2548,2546
2549,2547
2550,2548
2551,2549
2552,2550
2553,2551
2554,2552
2555,2553
2556,2554
2557,2555
2558,2556
2559,2557
2560,2558
2561,2559
2562,2560
2563,2561
2564,2562
2565,2563
2566,2564
2567,2565
2568,2566
2569,2567
2570,2568
2571,2569
2572,2570
2573,2571
2574,2572
2575,2573
2576,2574
2577,2575
2578,2576
2579,2577
2580,2578
2581,2579
2582,2580
2583,2581
2584,2582
2585,2583
2586,2584
2587,2585
2588,2586
2589,2587
2590,2588
2591,2589
2592,2590
2593,2591
2594,2592
2595,2593
2596,2594
2597,2595
2598,2596
2599,2597
2600,2598
2601,2599
2602,2600
2603,2601
2604,2602
2605,2603
2606,2604
2607,2605
2608,2606
2609,2607
2610,2608
2611,2609
2612,2610
2613,2611
2614,2612
2615,2613
2616,2614
2617,2615
2618,2616
2619,2617
2620,2618
2621,2619
2622,2620
2623,2621
2624,2622
2625,2623
2626,2624
2627,2625
2628,2626
2629,2627
2630,2628
2631,2629
2632,2630
2633,2631
2634,2632
2635,2633
2636,2634
2637,2635
2638,2636
2639,2637
2640,2638
2641,2639
2642,2640
2643,2641
2644,2642
2645,2643
2646,2644
2647,2645
2648,2646
2649,2647
2650,2648
2651,2649
2652,2650
2653,2651
2654,2652
2655,2653
2656,2654
2657,2655
2658,2656
2659,2657
2660,2658
2661,2659
2662,2660
2663,2661
2664,2662
2665,2663
2666,2664
2667,2665
2668,2666
2669,2667
2670,2668
2671,2669
2672,2670
2673,2671
2674,2672
2675,2673
2676,2674
2677,2675
2678,2676
2679,2677
2680,2678
2681,2679
2682,2680
2683,2681
2684,2682
2685,2683
2686,2684
2687,2685
2688,2686
2689,2687
2690,2688
2691,2689
2692,2690
2693,2691
2694,2692
2695,2693
2696,2694
2697,2695
2698,2696
2699,2697
2700,2698
2701,2699
2702,2700
2703,2701
2704,2702
2705,2703
2706,2704
2707,2705
2708,2706
2709,2707
2710,2708
2711,2709
2712,2710
2713,2711
2714,2712
2715,2713
2716,2714
2717,2715
2718,2716
2719,2717
2720,2718
2721,2719
2722,2720
2723,2721
2724,2722
2725,2723
2726,2724
2727,2725
2728,2726
2729,2727
2730,2728
2731,2729
2732,2730
2733,2731
2734,2732
2735,2733
2736,2734
2737,2735
2738,2736
2739,2737
2740,2738
2741,2739
2742,2740
2743,2741
2744,2742
2745,2743
2746,2744
2747,2745
2748,2746
2749,2747
2750,2748
2751,2749
2752,2750
2753,2751
2754,2752
2755,2753
2756,2754
2757,2755
2758,2756
2759,2757
2760,2758
2761,2759
2762,2760
2763,2761
2764,2762
2765,2763
2766,2764
2767,2765
2768,2766
2769,2767
2770,2768
2771,2769
2772,2770
2773,2771
2774,2772
2775,2773
2776,2774
2777,2775
2778,2776
2779,2777
2780,2778
2781,2779
2782,2780
2783,2781
2784,2782
2785,2783
2786,2784
2787,2785
2788,2786
2789,2787
2790,2788
2791,2789
2792,2790
2793,2791
2794,2792
2795,2793
2796,2794
2797,2795
2798,2796
2799,2797
2800,2798
2801,2799
2802,2800
2803,2801
2804,2802
2805,2803
2806,2804
2807,2805
2808,2806
2809,2807
2810,2808
2811,2809
2812,2810
2813,2811
2814,2812
2815,2813
2816,2814
2817,2815
2818,2816
2819,2817
2820,2818
2821,2819
2822,2820
2823,2821
2824,2822
2825,2823
2826,2824
2827,2825
2828,2826
2829,2827
2830,2828
2831,2829
2832,2830
2833,2831
2834,2832
2835,2833
2836,2834
2837,2835
2838,2836
2839,2837
2840,2838
2841,2839
2842,2840
2843,2841
2844,2842
2845,2843
2846,2844
2847,2845
2848,2846
2849,2847
2850,2848
2851,2849
2852,2850
2853,2851
2854,2852
2855,2853
2856,2854
2857,2855
2858,2856
2859,2857
2860,2858
2861,2859
2862,2860
2863,2861
2864,2862
2865,2863
2866,2864
2867,2865
2868,2866
2869,2867
2870,2868
2871,2869
2872,2870
2873,2871
2874,2872
2875,2873
2876,2874
2877,2875
2878,2876
2879,2877
2880,2878
2881,2879
2882,2880
2883,2881
2884,2882
2885,2883
2886,2884
2887,2885
2888,2886
2889,2887
2890,2888
2891,2889
2892,2890
2893,2891
2894,2892
2895,2893
2896,2894
2897,2895
2898,2896
2899,2897
2900,2898
2901,2899
2902,2900
2903,2901
2904,2902
2905,2903
2906,2904
2907,2905
2908,2906
2909,2907
2910,2908
2911,2909
2912,2910
2913,2911
2914,2912
2915,2913
2916,2914
2917,2915
2918,2916
2919,2917
2920,2918
2921,2919
2922,2920
2923,2921
2924,2922
2925,2923
2926,2924
2927,2925
2928,2926
2929,2927
2930,2928
2931,2929
2932,2930
2933,2931
2934,2932
2935,2933
2936,2934
2937,2935
2938,2936
2939,2937
2940,2938
2941,2939
2942,2940
2943,2941
2944,2942
2945,2943
2946,2944
2947,2945
2948,2946
2949,2947
2950,2948
2951,2949
2952,2950
2953,2951
2954,2952
2955,2953
2956,2954
2957,2955
2958,2956
2959,2957
2960,2958
2961,2959
2962,2960
2963,2961
2964,2962
2965,2963
2966,2964
2967,2965
2968,2966
2969,2967
2970,2968
2971,2969
2972,2970
2973,2971
2974,2972
2975,2973
2976,2974
2977,2975
2978,2976
2979,2977
2980,2978
2981,2979
2982,2980
2983,2981
2984,2982
2985,2983
2986,2984
2987,2985
2988,2986
2989,2987
2990,2988
2991,2989
2992,2990
2993,2991
2994,2992
2995,2993
2996,2994
2997,2995
2998,2996
2999,2997
3000,2998
3001,2999
3002,3000
3003,3001
3004,3002
3005,3003
3006,3004
3007,3005
3008,3006
3009,3007
3010,3008
3011,3009
3012,3010
3013,3011
3014,3012
3015,3013
3016,3014
3017,3015
3018,3016
3019,3017
3020,3018
3021,3019
3022,3020
3023,3021
3024,3022
3025,3023
3026,3024
3027,3025
3028,3026
3029,3027
3030,3028
3031,3029
3032,3030
3033,3031
3034,3032
3035,3033
3036,3034
3037,3035
3038,3036
3039,3037
3040,3038
3041,3039
3042,3040
3043,3041
3044,3042
3045,3043
3046,3044
3047,3045
3048,3046
3049,3047
3050,3048
3051,3049
3052,3050
3053,3051
3054,3052
3055,3053
3056,3054
3057,3055
3058,3056
3059,3057
3060,3058
3061,3059
3062,3060
3063,3061
3064,3062
3065,3063
3066,3064
3067,3065
3068,3066
3069,3067
3070,3068
3071,3069
3072,3070
3073,3071
3074,3072
3075,3073
3076,3074
3077,3075
3078,3076
3079,3077
3080,3078
3081,3079
3082,3080
3083,3081
3084,3082
3085,3083
3086,3084
3087,3085
3088,3086
3089,3087
3090,3088
3091,3089
3092,3090
3093,3091
3094,3092
3095,3093
3096,3094
3097,3095
3098,3096
3099,3097
3100,3098
3101,3099
3102,3100
3103,3101
3104,3102
3105,3103
3106,3104
3107,3105
3108,3106
3109,3107
3110,3108
3111,3109
3112,3110
3113,3111
3114,3112
3115,3113
3116,3114
3117,3115
3118,3116
3119,3117
3120,3118
3121,3119
3122,3120
3123,3121
3124,3122
3125,3123
3126,3124
3127,3125
3128,3126
3129,3127
3130,3128
3131,3129
3132,3130
3133,3131
3134,3132
3135,3133
3136,3134
3137,3135
3138,3136
3139,3137
3140,3138
3141,3139
3142,3140
3143,3141
3144,3142
3145,3143
3146,3144
3147,3145
3148,3146
3149,3147
3150,3148
3151,3149
3152,3150
3153,3151
3154,3152
3155,3153
3156,3154
3157,3155
3158,3156
3159,3157
3160,3158
3161,3159
3162,3160
3163,3161
3164,3162
3165,3163
3166,3164
3167,3165
3168,3166
3169,3167
3170,3168
3171,3169
3172,3170
3173,3171
3174,3172
3175,3173
3176,3174
3177,3175
3178,3176
3179,3177
3180,3178
3181,3179
3182,3180
3183,3181
3184,3182
3185,3183
3186,3184
3187,3185
3188,3186
3189,3187
3190,3188
3191,3189
3192,3190
3193,3191
3194,3192
3195,3193
3196,3194
3197,3195
3198,3196
3199,3197
3200,3198
3201,3199
3202,3200
3203,3201
3204,3202
3205,3203
3206,3204
3207,3205
3208,3206
3209,3207
3210,3208
3211,3209
3212,3210
3213,3211
3214,3212
3215,3213
3216,3214
3217,3215
3218,3216
3219,3217
3220,3218
3221,3219
3222,3220
3223,3221
3224,3222
3225,3223
3226,3224
3227,3225
3228,3226
3229,3227
3230,3228
3231,3229
3232,3230
3233,3231
3234,3232
3235,3233
3236,3234
3237,3235
3238,3236
3239,3237
3240,3238
3241,3239
3242,3240
3243,3241
3244,3242
3245,3243
3246,3244
3247,3245
3248,3246
3249,3247
3250,3248
3251,3249
3252,3250
3253,3251
3254,3252
3255,3253
3256,3254
3257,3255
3258,3256
3259,3257
3260,3258
3261,3259
3262,3260
3263,3261
3264,3262
3265,3263
3266,3264
3267,3265
3268,3266
3269,3267
3270,3268
3271,3269
3272,3270
3273,3271
3274,3272
3275,3273
3276,3274
3277,3275
3278,3276
3279,3277
3280,3278
3281,3279
3282,3280
3283,3281
3284,3282
3285,3283
3286,3284
3287,3285
3288,3286
3289,3287
3290,3288
3291,3289
3292,3290
3293,3291
3294,3292
3295,3293
3296,3294
3297,3295
3298,3296
3299,3297
3300,3298
3301,3299
3302,3300
3303,3301
3304,3302
3305,3303
3306,3304
3307,3305
3308,3306
3309,3307
3310,3308
3311,3309
3312,3310
3313,3311
3314,3312
3315,3313
3316,3314
3317,3315
3318,3316
3319,3317
3320,3318
3321,3319
3322,3320
3323,3321
3324,3322
3325,3323
3326,3324
3327,3325
3328,3326
3329,3327
3330,3328
3331,3329
3332,3330
3333,3331
3334,3332
3335,3333
3336,3334
3337,3335
3338,3336
3339,3337
3340,3338
3341,3339
3342,3340
3343,3341
3344,3342
3345,3343
3346,3344
3347,3345
3348,3346
3349,3347
3350,3348
3351,3349
3352,3350
3353,3351
3354,3352
3355,3353
3356,3354
3357,3355
3358,3356
3359,3357
3360,3358
3361,3359
3362,3360
3363,3361
3364,3362
3365,3363
3366,3364
3367,3365
3368,3366
3369,3367
3370,3368
3371,3369
3372,3370
3373,3371
3374,3372
3375,3373
3376,3374
3377,3375
3378,3376
3379,3377
3380,3378
3381,3379
3382,3380
3383,3381
3384,3382
3385,3383
3386,3384
3387,3385
3388,3386
3389,3387
3390,3388
3391,3389
3392,3390
3393,3391
3394,3392
3395,3393
3396,3394
3397,3395
3398,3396
3399,3397
3400,3398
3401,3399
3402,3400
3403,3401
3404,3402
3405,3403
3406,3404
3407,3405
3408,3406
3409,3407
3410,3408
3411,3409
3412,3410
3413,3411
3414,3412
3415,3413
3416,3414
3417,3415
3418,3416
3419,3417
3420,3418
3421,3419
3422,3420
3423,3421
3424,3422
3425,3423
3426,3424
3427,3425
3428,3426
3429,3427
3430,3428
3431,3429
3432,3430
3433,3431
3434,3432
3435,3433
3436,3434
3437,3435
3438,3436
3439,3437
3440,3438
3441,3439
3442,3440
3443,3441
3444,3442
3445,3443
3446,3444
3447,3445
3448,3446
3449,3447
3450,3448
3451,3449
3452,3450
3453,3451
3454,3452
3455,3453
3456,3454
3457,3455
3458,3456
3459,3457
3460,3458
3461,3459
3462,3460
3463,3461
3464,3462
3465,3463
3466,3464
3467,3465
3468,3466
3469,3467
3470,3468
3471,3469
3472,3470
3473,3471
3474,3472
3475,3473
3476,3474
3477,3475
3478,3476
3479,3477
3480,3478
3481,3479
3482,3480
3483,3481
3484,3482
3485,3483
3486,3484
3487,3485
3488,3486
3489,3487
3490,3488
3491,3489
3492,3490
3493,3491
3494,3492
3495,3493
3496,3494
3497,3495
3498,3496
3499,3497
3500,3498
3501,3499
3502,3500
3503,3501
3504,3502
3505,3503
3506,3504
3507,3505
3508,3506
3509,3507
3510,3508
3511,3509
3512,3510
3513,3511
3514,3512
3515,3513
3516,3514
3517,3515
3518,3516
3519,3517
3520,3518
3521,3519
3522,3520
3523,3521
3524,3522
3525,3523
3526,3524
3527,3525
3528,3526
3529,3527
3530,3528
3531,3529
3532,3530
3533,3531
3534,3532
3535,3533
3536,3534
3537,3535
3538,3536
3539,3537
3540,3538
3541,3539
3542,3540
3543,3541
3544,3542
3545,3543
3546,3544
3547,3545
3548,3546
3549,3547
3550,3548
3551,3549
3552,3550
3553,3551
3554,3552
3555,3553
3556,3554
3557,3555
3558,3556
3559,3557
3560,3558
3561,3559
3562,3560
3563,3561
3564,3562
3565,3563
3566,3564
3567,3565
3568,3566
3569,3567
3570,3568
3571,3569
3572,3570
3573,3571
3574,3572
3575,3573
3576,3574
3577,3575
3578,3576
3579,3577
3580,3578
3581,3579
3582,3580
3583,3581
3584,3582
3585,3583
3586,3584
3587,3585
3588,3586
3589,3587
3590,3588
3591,3589
3592,3590
3593,3591
3594,3592
3595,3593
3596,3594
3597,3595
3598,3596
3599,3597
3600,3598
3601,3599
3602,3600
3603,3601
3604,3602
3605,3603
3606,3604
3607,3605
3608,3606
3609,3607
3610,3608
3611,3609
3612,3610
3613,3611
3614,3612
3615,3613
3616,3614
3617,3615
3618,3616
3619,3617
3620,3618
3621,3619
3622,3620
3623,3621
3624,3622
3625,3623
3626,3624
3627,3625
3628,3626
3629,3627
3630,3628
3631,3629
3632,3630
3633,3631
3634,3632
3635,3633
3636,3634
3637,3635
3638,3636
3639,3637
3640,3638
3641,3639
3642,3640
3643,3641
3644,3642
3645,3643
3646,3644
3647,3645
3648,3646
3649,3647
3650,3648
3651,3649
3652,3650
3653,3651
3654,3652
3655,3653
3656,3654
3657,3655
3658,3656
3659,3657
3660,3658
3661,3659
3662,3660
3663,3661
3664,3662
3665,3663
3666,3664
3667,3665
3668,3666
3669,3667
3670,3668
3671,3669
3672,3670
3673,3671
3674,3672
3675,3673
3676,3674
3677,3675
3678,3676
3679,3677
3680,3678
3681,3679
3682,3680
3683,3681
3684,3682
3685,3683
3686,3684
3687,3685
3688,3686
3689,3687
3690,3688
3691,3689
3692,3690
3693,3691
3694,3692
3695,3693
3696,3694
3697,3695
3698,3696
3699,3697
3700,3698
3701,3699
3702,3700
3703,3701
3704,3702
3705,3703
3706,3704
3707,3705
3708,3706
3709,3707
3710,3708
3711,3709
3712,3710
3713,3711
3714,3712
3715,3713
3716,3714
3717,3715
3718,3716
3719,3717
3720,3718
3721,3719
3722,3720
3723,3721
3724,3722
3725,3723
3726,3724
3727,3725
3728,3726
3729,3727
3730,3728
3731,3729
3732,3730
3733,3731
3734,3732
3735,3733
3736,3734
3737,3735
3738,3736
3739,3737
3740,3738
3741,3739
3742,3740
3743,3741
3744,3742
3745,3743
3746,3744
3747,3745
3748,3746
3749,3747
3750,3748
3751,3749
3752,3750
3753,3751
3754,3752
3755,3753
3756,3754
3757,3755
3758,3756
3759,3757
3760,3758
3761,3759
3762,3760
3763,3761
3764,3762
3765,3763
3766,3764
3767,3765
3768,3766
3769,3767
3770,3768
3771,3769
3772,3770
3773,3771
3774,3772
3775,3773
3776,3774
3777,3775
3778,3776
3779,3777
3780,3778
3781,3779
3782,3780
3783,3781
3784,3782
3785,3783
3786,3784
3787,3785
3788,3786
3789,3787
3790,3788
3791,3789
3792,3790
3793,3791
3794,3792
3795,3793
3796,3794
3797,3795
3798,3796
3799,3797
3800,3798
3801,3799
3802,3800
3803,3801
3804,3802
3805,3803
3806,3804
3807,3805
3808,3806
3809,3807
3810,3808
3811,3809
3812,3810
3813,3811
3814,3812
3815,3813
3816,3814
3817,3815
3818,3816
3819,3817
3820,3818
3821,3819
3822,3820
3823,3821
3824,3822
3825,3823
3826,3824
3827,3825
3828,3826
3829,3827
3830,3828
3831,3829
3832,3830
3833,3831
3834,3832
3835,3833
3836,3834
3837,3835
3838,3836
3839,3837
3840,3838
3841,3839
3842,3840
3843,3841
3844,3842
3845,3843
3846,3844
3847,3845
3848,3846
3849,3847
3850,3848
3851,3849
3852,3850
3853,3851
3854,3852
3855,3853
3856,3854
3857,3855
3858,3856
3859,3857
3860,3858
3861,3859
3862,3860
3863,3861
3864,3862
3865,3863
3866,3864
3867,3865
3868,3866
3869,3867
3870,3868
3871,3869
3872,3870
3873,3871
3874,3872
3875,3873
3876,3874
3877,3875
3878,3876
3879,3877
3880,3878
3881,3879
3882,3880
3883,3881
3884,3882
3885,3883
3886,3884
3887,3885
3888,3886
3889,3887
3890,3888
3891,3889
3892,3890
3893,3891
3894,3892
3895,3893
3896,3894
3897,3895
3898,3896
3899,3897
3900,3898
3901,3899
3902,3900
3903,3901
3904,3902
3905,3903
3906,3904
3907,3905
3908,3906
3909,3907
3910,3908
3911,3909
3912,3910
3913,3911
3914,3912
3915,3913
3916,3914
3917,3915
3918,3916
3919,3917
3920,3918
3921,3919
3922,3920
3923,3921
3924,3922
3925,3923
3926,3924
3927,3925
3928,3926
3929,3927
3930,3928
3931,3929
3932,3930
3933,3931
3934,3932
3935,3933
3936,3934
3937,3935
3938,3936
3939,3937
3940,3938
3941,3939
3942,3940
3943,3941
3944,3942
3945,3943
3946,3944
3947,3945
3948,3946
3949,3947
3950,3948
3951,3949
3952,3950
3953,3951
3954,3952
3955,3953
3956,3954
3957,3955
3958,3956
3959,3957
3960,3958
3961,3959
3962,3960
3963,3961
3964,3962
3965,3963
3966,3964
3967,3965
3968,3966
3969,3967
3970,3968
3971,3969
3972,3970
3973,3971
3974,3972
3975,3973
3976,3974
3977,3975
3978,3976
3979,3977
3980,3978
3981,3979
3982,3980
3983,3981
3984,3982
3985,3983
3986,3984
3987,3985
3988,3986
3989,3987
3990,3988
3991,3989
3992,3990
3993,3991
3994,3992
3995,3993
3996,3994
3997,3995
3998,3996
3999,3997
4000,3998
4001,3999
4002,4000
4003,4001
4004,4002
4005,4003
4006,4004
4007,4005
4008,4006
4009,4007
4010,4008
4011,4009
4012,4010
4013,4011
4014,4012
4015,4013
4016,4014
4017,4015
4018,4016
4019,4017
4020,4018
4021,4019
4022,4020
4023,4021
4024,4022
4025,4023
4026,4024
4027,4025
4028,4026
4029,4027
4030,4028
4031,4029
4032,4030
4033,4031
4034,4032
4035,4033
4036,4034
4037,4035
4038,4036
4039,4037
4040,4038
4041,4039
4042,4040
4043,4041
4044,4042
4045,4043
4046,4044
4047,4045
4048,4046
4049,4047
4050,4048
4051,4049
4052,4050
4053,4051
4054,4052
4055,4053
4056,4054
4057,4055
4058,4056
4059,4057
4060,4058
4061,4059
4062,4060
4063,4061
4064,4062
4065,4063
4066,4064
4067,4065
4068,4066
4069,4067
4070,4068
4071,4069
4072,4070
4073,4071
4074,4072
4075,4073
4076,4074
4077,4075
4078,4076
4079,4077
4080,4078
4081,4079
4082,4080
4083,4081
4084,4082
4085,4083
4086,4084
4087,4085
4088,4086
4089,4087
4090,4088
4091,4089
4092,4090
4093,4091
4094,4092
4095,4093
4096,4094
4097,4095
4098,4096
4099,4097
4100,4098
4101,4099
4102,4100
4103,4101
4104,4102
4105,4103
4106,4104
4107,4105
4108,4106
4109,4107
4110,4108
4111,4109
4112,4110
4113,4111
4114,4112
4115,4113
4116,4114
4117,4115
4118,4116
4119,4117
4120,4118
4121,4119
4122,4120
4123,4121
4124,4122
4125,4123
4126,4124
4127,4125
4128,4126
4129,4127
4130,4128
4131,4129
4132,4130
4133,4131
4134,4132
4135,4133
4136,4134
4137,4135
4138,4136
4139,4137
4140,4138
4141,4139
4142,4140
4143,4141
4144,4142
4145,4143
4146,4144
4147,4145
4148,4146
4149,4147
4150,4148
4151,4149
4152,4150
4153,4151
4154,4152
4155,4153
4156,4154
4157,4155
4158,4156
4159,4157
4160,4158
4161,4159
4162,4160
4163,4161
4164,4162
4165,4163
4166,4164
4167,4165
4168,4166
4169,4167
4170,4168
4171,4169
4172,4170
4173,4171
4174,4172
4175,4173
4176,4174
4177,4175
4178,4176
4179,4177
4180,4178
4181,4179
4182,4180
4183,4181
4184,4182
4185,4183
4186,4184
4187,4185
4188,4186
4189,4187
4190,4188
4191,4189
4192,4190
4193,4191
4194,4192
4195,4193
4196,4194
4197,4195
4198,4196
4199,4197
4200,4198
4201,4199
4202,4200
4203,4201
4204,4202
4205,4203
4206,4204
4207,4205
4208,4206
4209,4207
4210,4208
4211,4209
4212,4210
4213,4211
4214,4212
4215,4213
4216,4214
4217,4215
4218,4216
4219,4217
4220,4218
4221,4219
4222,4220
4223,4221
4224,4222
4225,4223
4226,4224
4227,4225
4228,4226
4229,4227
4230,4228
4231,4229
4232,4230
4233,4231
4234,4232
4235,4233
4236,4234
4237,4235
4238,4236
4239,4237
4240,4238
4241,4239
4242,4240
4243,4241
4244,4242
4245,4243
4246,4244
4247,4245
4248,4246
4249,4247
4250,4248
4251,4249
4252,4250
4253,4251
4254,4252
4255,4253
4256,4254
4257,4255
4258,4256
4259,4257
4260,4258
4261,4259
4262,4260
4263,4261
4264,4262
4265,4263
4266,4264
4267,4265
4268,4266
4269,4267
4270,4268
4271,4269
4272,4270
4273,4271
4274,4272
4275,4273
4276,4274
4277,4275
4278,4276
4279,4277
4280,4278
4281,4279
4282,4280
4283,4281
4284,4282
4285,4283
4286,4284
4287,4285
4288,4286
4289,4287
4290,4288
4291,4289
4292,4290
4293,4291
4294,4292
4295,4293
4296,4294
4297,4295
4298,4296
4299,4297
4300,4298
4301,4299
4302,4300
4303,4301
4304,4302
4305,4303
4306,4304
4307,4305
4308,4306
4309,4307
4310,4308
4311,4309
4312,4310
4313,4311
4314,4312
4315,4313
4316,4314
4317,4315
4318,4316
4319,4317
4320,4318
4321,4319
4322,4320
4323,4321
4324,4322
4325,4323
4326,4324
4327,4325
4328,4326
4329,4327
4330,4328
4331,4329
4332,4330
4333,4331
4334,4332
4335,4333
4336,4334
4337,4335
4338,4336
4339,4337
4340,4338
4341,4339
4342,4340
4343,4341
4344,4342
4345,4343
4346,4344
4347,4345
4348,4346
4349,4347
4350,4348
4351,4349
4352,4350
4353,4351
4354,4352
4355,4353
4356,4354
4357,4355
4358,4356
4359,4357
4360,4358
4361,4359
4362,4360
4363,4361
4364,4362
4365,4363
4366,4364
4367,4365
4368,4366
4369,4367
4370,4368
4371,4369
4372,4370
4373,4371
4374,4372
4375,4373
4376,4374
4377,4375
4378,4376
4379,4377
4380,4378
4381,4379
4382,4380
4383,4381
4384,4382
4385,4383
4386,4384
4387,4385
4388,4386
4389,4387
4390,4388
4391,4389
4392,4390
4393,4391
4394,4392
4395,4393
4396,4394
4397,4395
4398,4396
4399,4397
4400,4398
4401,4399
4402,4400
4403,4401
4404,4402
4405,4403
4406,4404
4407,4405
4408,4406
4409,4407
4410,4408
4411,4409
4412,4410
4413,4411
4414,4412
4415,4413
4416,4414
4417,4415
4418,4416
4419,4417
4420,4418
4421,4419
4422,4420
4423,4421
4424,4422
4425,4423
4426,4424
4427,4425
4428,4426
4429,4427
4430,4428
4431,4429
4432,4430
4433,4431
4434,4432
4435,4433
4436,4434
4437,4435
4438,4436
4439,4437
4440,4438
4441,4439
4442,4440
4443,4441
4444,4442
4445,4443
4446,4444
4447,4445
4448,4446
4449,4447
4450,4448
4451,4449
4452,4450
4453,4451
4454,4452
4455,4453
4456,4454
4457,4455
4458,4456
4459,4457
4460,4458
4461,4459
4462,4460
4463,4461
4464,4462
4465,4463
4466,4464
4467,4465
4468,4466
4469,4467
4470,4468
4471,4469
4472,4470
4473,4471
4474,4472
4475,4473
4476,4474
4477,4475
4478,4476
4479,4477
4480,4478
4481,4479
4482,4480
4483,4481
4484,4482
4485,4483
4486,4484
4487,4485
4488,4486
4489,4487
4490,4488
4491,4489
4492,4490
4493,4491
4494,4492
4495,4493
4496,4494
4497,4495
4498,4496
4499,4497
4500,4498
4501,4499
4502,4500
4503,4501
4504,4502
4505,4503
4506,4504
4507,4505
4508,4506
4509,4507
4510,4508
4511,4509
4512,4510
4513,4511
4514,4512
4515,4513
4516,4514
4517,4515
4518,4516
4519,4517
4520,4518
4521,4519
4522,4520
4523,4521
4524,4522
4525,4523
4526,4524
4527,4525
4528,4526
4529,4527
4530,4528
4531,4529
4532,4530
4533,4531
4534,4532
4535,4533
4536,4534
4537,4535
4538,4536
4539,4537
4540,4538
4541,4539
4542,4540
4543,4541
4544,4542
4545,4543
4546,4544
4547,4545
4548,4546
4549,4547
4550,4548
4551,4549
4552,4550
4553,4551
4554,4552
4555,4553
4556,4554
4557,4555
4558,4556
4559,4557
4560,4558
4561,4559
4562,4560
4563,4561
4564,4562
4565,4563
4566,4564
4567,4565
4568,4566
4569,4567
4570,4568
4571,4569
4572,4570
4573,4571
4574,4572
4575,4573
4576,4574
4577,4575
4578,4576
4579,4577
4580,4578
4581,4579
4582,4580
4583,4581
4584,4582
4585,4583
4586,4584
4587,4585
4588,4586
4589,4587
4590,4588
4591,4589
4592,4590
4593,4591
4594,4592
4595,4593
4596,4594
4597,4595
4598,4596
4599,4597
4600,4598
4601,4599
4602,4600
4603,4601
4604,4602
4605,4603
4606,4604
4607,4605
4608,4606
4609,4607
4610,4608
4611,4609
4612,4610
4613,4611
4614,4612
4615,4613
4616,4614
4617,4615
4618,4616
4619,4617
4620,4618
4621,4619
4622,4620
4623,4621
4624,4622
4625,4623
4626,4624
4627,4625
4628,4626
4629,4627
4630,4628
4631,4629
4632,4630
4633,4631
4634,4632
4635,4633
4636,4634
4637,4635
4638,4636
4639,4637
4640,4638
4641,4639
4642,4640
4643,4641
4644,4642
4645,4643
4646,4644
4647,4645
4648,4646
4649,4647
4650,4648
4651,4649
4652,4650
4653,4651
4654,4652
4655,4653
4656,4654
4657,4655
4658,4656
4659,4657
4660,4658
4661,4659
4662,4660
4663,4661
4664,4662
4665,4663
4666,4664
4667,4665
4668,4666
4669,4667
4670,4668
4671,4669
4672,4670
4673,4671
4674,4672
4675,4673
4676,4674
4677,4675
4678,4676
4679,4677
4680,4678
4681,4679
4682,4680
4683,4681
4684,4682
4685,4683
4686,4684
4687,4685
4688,4686
4689,4687
4690,4688
4691,4689
4692,4690
4693,4691
4694,4692
4695,4693
4696,4694
4697,4695
4698,4696
4699,4697
4700,4698
4701,4699
4702,4700
4703,4701
4704,4702
4705,4703
4706,4704
4707,4705
4708,4706
4709,4707
4710,4708
4711,4709
4712,4710
4713,4711
4714,4712
4715,4713
4716,4714
4717,4715
4718,4716
4719,4717
4720,4718
4721,4719
4722,4720
4723,4721
4724,4722
4725,4723
4726,4724
4727,4725
4728,4726
4729,4727
4730,4728
4731,4729
4732,4730
4733,4731
4734,4732
4735,4733
4736,4734
4737,4735
4738,4736
4739,4737
4740,4738
4741,4739
4742,4740
4743,4741
4744,4742
4745,4743
4746,4744
4747,4745
4748,4746
4749,4747
4750,4748
4751,4749
4752,4750
4753,4751
4754,4752
4755,4753
4756,4754
4757,4755
4758,4756
4759,4757
4760,4758
4761,4759
4762,4760
4763,4761
4764,4762
4765,4763
4766,4764
4767,4765
4768,4766
4769,4767
4770,4768
4771,4769
4772,4770
4773,4771
4774,4772
4775,4773
4776,4774
4777,4775
4778,4776
4779,4777
4780,4778
4781,4779
4782,4780
4783,4781
4784,4782
4785,4783
4786,4784
4787,4785
4788,4786
4789,4787
4790,4788
4791,4789
4792,4790
4793,4791
4794,4792
4795,4793
4796,4794
4797,4795
4798,4796
4799,4797
4800,4798
4801,4799
4802,4800
4803,4801
4804,4802
4805,4803
4806,4804
4807,4805
4808,4806
4809,4807
4810,4808
4811,4809
4812,4810
4813,4811
4814,4812
4815,4813
4816,4814
4817,4815
4818,4816
4819,4817
4820,4818
4821,4819
4822,4820
4823,4821
4824,4822
4825,4823
4826,4824
4827,4825
4828,4826
4829,4827
4830,4828
4831,4829
4832,4830
4833,4831
4834,4832
4835,4833
4836,4834
4837,4835
4838,4836
4839,4837
4840,4838
4841,4839
4842,4840
4843,4841
4844,4842
4845,4843
4846,4844
4847,4845
4848,4846
4849,4847
4850,4848
4851,4849
4852,4850
4853,4851
4854,4852
4855,4853
4856,4854
4857,4855
4858,4856
4859,4857
4860,4858
4861,4859
4862,4860
4863,4861
4864,4862
4865,4863
4866,4864
4867,4865
4868,4866
4869,4867
4870,4868
4871,4869
4872,4870
4873,4871
4874,4872
4875,4873
4876,4874
4877,4875
4878,4876
4879,4877
4880,4878
4881,4879
4882,4880
4883,4881
4884,4882
4885,4883
4886,4884
4887,4885
4888,4886
4889,4887
4890,4888
4891,4889
4892,4890
4893,4891
4894,4892
4895,4893
4896,4894
4897,4895
4898,4896
4899,4897
4900,4898
4901,4899
4902,4900
4903,4901
4904,4902
4905,4903
4906,4904
4907,4905
4908,4906
4909,4907
4910,4908
4911,4909
4912,4910
4913,4911
4914,4912
4915,4913
4916,4914
4917,4915
4918,4916
4919,4917
4920,4918
4921,4919
4922,4920
4923,4921
4924,4922
4925,4923
4926,4924
4927,4925
4928,4926
4929,4927
4930,4928
4931,4929
4932,4930
4933,4931
4934,4932
4935,4933
4936,4934
4937,4935
4938,4936
4939,4937
4940,4938
4941,4939
4942,4940
4943,4941
4944,4942
4945,4943
4946,4944
4947,4945
4948,4946
4951,4947
4952,4948
4953,4949
4954,4950
4955,4951
4956,4952
4961,4953
4962,4954
4963,4955
4964,4956
4965,4957
4966,4958
4967,4959
4968,4960
4969,4961
4970,4962
4971,4963
4972,4964
4973,4965
4974,4966
4975,4967
4976,4968
4977,4969
4978,4970
4979,4971
4980,4972
4981,4973
4982,4974
4983,4975
4984,4976
4985,4977
4986,4978
4987,4979
4988,4980
4989,4981
4990,4982
4991,4983
4992,4984
4993,4985
4994,4986
4995,4987
4996,4988
4997,4989
4998,4990
4999,4991
5000,4992
5001,4993
5002,4994
5003,4995
5004,4996
5005,4997
5006,4998
5007,4999
5008,5000
5009,5001
5010,5002
5011,5003
5012,5004
5013,5005
5014,5006
5015,5007
5016,5008
5017,5009
5018,5010
5019,5011
5020,5012
5021,5013
5022,5014
5023,5015
5024,5016
5025,5017
5026,5018
5027,5019
5028,5020
5029,5021
5030,5022
5031,5023
5032,5024
5033,5025
5034,5026
5035,5027
5036,5028
5037,5029
5038,5030
5039,5031
5040,5032
5041,5033
5042,5034
5043,5035
5044,5036
5045,5037
5046,5038
5047,5039
5048,5040
5049,5041
5050,5042
5051,5043
5052,5044
5053,5045
5054,5046
5055,5047
5056,5048
5057,5049
5058,5050
5059,5051
5060,5052
5061,5053
5062,5054
5063,5055
5064,5056
5065,5057
5066,5058
5067,5059
5068,5060
5069,5061
5070,5062
5071,5063
5072,5064
5073,5065
5074,5066
5075,5067
5076,5068
5077,5069
5078,5070
5079,5071
5080,5072
5081,5073
5082,5074
5083,5075
5084,5076
5085,5077
5086,5078
5087,5079
5088,5080
5089,5081
5090,5082
5091,5083
5092,5084
5093,5085
5094,5086
5095,5087
5096,5088
5097,5089
5098,5090
5099,5091
5100,5092
5101,5093
5102,5094
5103,5095
5104,5096
5105,5097
5106,5098
5107,5099
5108,5100
5109,5101
5110,5102
5111,5103
5112,5104
5113,5105
5114,5106
5115,5107
5116,5108
5117,5109
5118,5110
5119,5111
5120,5112
5121,5113
5122,5114
5123,5115
5124,5116
5125,5117
5126,5118
5127,5119
5128,5120
5129,5121
5130,5122
5131,5123
5132,5124
5133,5125
5134,5126
5135,5127
5136,5128
5137,5129
5138,5130
5139,5131
5140,5132
5141,5133
5142,5134
5143,5135
5144,5136
5145,5137
5146,5138
5147,5139
5148,5140
5149,5141
5150,5142
5151,5143
5152,5144
5153,5145
5154,5146
5155,5147
5156,5148
5157,5149
5158,5150
5159,5151
5160,5152
5161,5153
5162,5154
5163,5155
5164,5156
5165,5157
5166,5158
5167,5159
5168,5160
5169,5161
5170,5162
5171,5163
5172,5164
5173,5165
5174,5166
5175,5167
5176,5168
5177,5169
5178,5170
5179,5171
5180,5172
5181,5173
5182,5174
5183,5175
5184,5176
5185,5177
5186,5178
5187,5179
5188,5180
5189,5181
5190,5182
5191,5183
5192,5184
5193,5185
5194,5186
5195,5187
5196,5188
5197,5189
5198,5190
5199,5191
5200,5192
5201,5193
5202,5194
5203,5195
5204,5196
5205,5197
5206,5198
5207,5199
5208,5200
5209,5201
5210,5202
5211,5203
5212,5204
5213,5205
5214,5206
5215,5207
5216,5208
5217,5209
5218,5210
5219,5211
5220,5212
5221,5213
5222,5214
5223,5215
5224,5216
5225,5217
5226,5218
5227,5219
5228,5220
5229,5221
5230,5222
5231,5223
5232,5224
5233,5225
5234,5226
5235,5227
5236,5228
5237,5229
5238,5230
5239,5231
5240,5232
5243,5233
5244,5234
5245,5235
5246,5236
5247,5237
5248,5238
5249,5239
5250,5240
5251,5241
5252,5242
5253,5243
5254,5244
5255,5245
5256,5246
5257,5247
5258,5248
5259,5249
5260,5250
5261,5251
5262,5252
5263,5253
5264,5254
5265,5255
5266,5256
5267,5257
5268,5258
5269,5259
5270,5260
5271,5261
5272,5262
5273,5263
5274,5264
5275,5265
5276,5266
5277,5267
5278,5268
5280,5269
5281,5270
5282,5271
5283,5272
5286,5273
5287,5274
5288,5275
5289,5276
5290,5277
5291,5278
5302,5279
5303,5280
5304,5281
5314,5282
5321,5283
5322,5284
5327,5285
5329,5286
5330,5287
5331,5288
5332,5289
5333,5290
5334,5291
5335,5292
5336,5293
5337,5294
5338,5295
5339,5296
5340,5297
5341,5298
5342,5299
5343,5300
5344,5301
5345,5302
5346,5303
5347,5304
5348,5305
5349,5306
5350,5307
5351,5308
5352,5309
5353,5310
5354,5311
5355,5312
5356,5313
5357,5314
5358,5315
5359,5316
5360,5317
5361,5318
5362,5319
5363,5320
5364,5321
5365,5322
5366,5323
5367,5324
5368,5325
5369,5326
5370,5327
5371,5328
5372,5329
5373,5330
5374,5331
5375,5332
5376,5333
5377,5334
5378,5335
5379,5336
5380,5337
5381,5338
5382,5339
5383,5340
5384,5341
5385,5342
5386,5343
5387,5344
5388,5345
5389,5346
5390,5347
5391,5348
5392,5349
5393,5350
5394,5351
5395,5352
5396,5353
5397,5354
5398,5355
5399,5356
5400,5357
5401,5358
5402,5359
5403,5360
5404,5361
5405,5362
5406,5363
5407,5364
5408,5365
5409,5366
5410,5367
5411,5368
5412,5369
5413,5370
5414,5371
5415,5372
5416,5373
5417,5374
5418,5375
5419,5376
5420,5377
5421,5378
5422,5379
5423,5380
5424,5381
5425,5382
5426,5383
5427,5384
5428,5385
5429,5386
5430,5387
5431,5388
5432,5389
5433,5390
5434,5391
5435,5392
5436,5393
5437,5394
5438,5395
5439,5396
5440,5397
5441,5398
5442,5399
5443,5400
5444,5401
5445,5402
5446,5403
5447,5404
5448,5405
5449,5406
5450,5407
5451,5408
5452,5409
5453,5410
5454,5411
5455,5412
5456,5413
5457,5414
5458,5415
5459,5416
5460,5417
5461,5418
5462,5419
5463,5420
5464,5421
5465,5422
5466,5423
5467,5424
5468,5425
5469,5426
5470,5427
5471,5428
5472,5429
5473,5430
5474,5431
5475,5432
5476,5433
5477,5434
5478,5435
5479,5436
5480,5437
5481,5438
5482,5439
5483,5440
5484,5441
5485,5442
5486,5443
5487,5444
5488,5445
5489,5446
5490,5447
5491,5448
5492,5449
5493,5450
5494,5451
5495,5452
5496,5453
5497,5454
5498,5455
5499,5456
5500,5457
5501,5458
5502,5459
5503,5460
5504,5461
5505,5462
5506,5463
5507,5464
5508,5465
5509,5466
5510,5467
5511,5468
5512,5469
5513,5470
5514,5471
5515,5472
5516,5473
5517,5474
5518,5475
5519,5476
5520,5477
5521,5478
5522,5479
5523,5480
5524,5481
5525,5482
5526,5483
5527,5484
5528,5485
5529,5486
5530,5487
5531,5488
5532,5489
5533,5490
5534,5491
5535,5492
5536,5493
5537,5494
5538,5495
5539,5496
5540,5497
5541,5498
5542,5499
5543,5500
5544,5501
5545,5502
5546,5503
5547,5504
5548,5505
5549,5506
5550,5507
5551,5508
5552,5509
5553,5510
5554,5511
5555,5512
5556,5513
5557,5514
5558,5515
5559,5516
5560,5517
5561,5518
5562,5519
5563,5520
5564,5521
5565,5522
5566,5523
5567,5524
5568,5525
5569,5526
5570,5527
5571,5528
5572,5529
5573,5530
5574,5531
5575,5532
5576,5533
5577,5534
5578,5535
5579,5536
5580,5537
5581,5538
5582,5539
5583,5540
5584,5541
5585,5542
5586,5543
5587,5544
5588,5545
5589,5546
5590,5547
5591,5548
5592,5549
5593,5550
5594,5551
5595,5552
5596,5553
5597,5554
5598,5555
5599,5556
5600,5557
5601,5558
5602,5559
5603,5560
5604,5561
5605,5562
5606,5563
5607,5564
5608,5565
5609,5566
5610,5567
5611,5568
5612,5569
5613,5570
5614,5571
5615,5572
5616,5573
5617,5574
5618,5575
5619,5576
5620,5577
5621,5578
5622,5579
5623,5580
5624,5581
5625,5582
5626,5583
5627,5584
5628,5585
5629,5586
5630,5587
5631,5588
5632,5589
5633,5590
5634,5591
5635,5592
5636,5593
5637,5594
5638,5595
5639,5596
5640,5597
5641,5598
5642,5599
5643,5600
5644,5601
5645,5602
5646,5603
5647,5604
5648,5605
5649,5606
5650,5607
5651,5608
5652,5609
5653,5610
5654,5611
5655,5612
5656,5613
5657,5614
5658,5615
5659,5616
5660,5617
5661,5618
5662,5619
5663,5620
5664,5621
5665,5622
5666,5623
5667,5624
5668,5625
5669,5626
5670,5627
5671,5628
5672,5629
5673,5630
5674,5631
5675,5632
5676,5633
5677,5634
5678,5635
5679,5636
5680,5637
5681,5638
5682,5639
5683,5640
5684,5641
5685,5642
5686,5643
5687,5644
5688,5645
5689,5646
5690,5647
5691,5648
5692,5649
5693,5650
5694,5651
5695,5652
5696,5653
5697,5654
5698,5655
5699,5656
5700,5657
5701,5658
5702,5659
5703,5660
5704,5661
5705,5662
5706,5663
5707,5664
5708,5665
5709,5666
5710,5667
5711,5668
5712,5669
5713,5670
5714,5671
5715,5672
5716,5673
5717,5674
5718,5675
5719,5676
5720,5677
5721,5678
5722,5679
5723,5680
5724,5681
5725,5682
5726,5683
5727,5684
5728,5685
5729,5686
5730,5687
5731,5688
5732,5689
5733,5690
5734,5691
5735,5692
5736,5693
5737,5694
5738,5695
5739,5696
5740,5697
5741,5698
5742,5699
5743,5700
5744,5701
5745,5702
5746,5703
5747,5704
5748,5705
5749,5706
5750,5707
5751,5708
5752,5709
5753,5710
5754,5711
5755,5712
5756,5713
5757,5714
5758,5715
5759,5716
5760,5717
5761,5718
5762,5719
5763,5720
5764,5721
5765,5722
5766,5723
5767,5724
5768,5725
5769,5726
5770,5727
5771,5728
5772,5729
5773,5730
5774,5731
5775,5732
5776,5733
5777,5734
5778,5735
5779,5736
5780,5737
5781,5738
5782,5739
5786,5740
5787,5741
5788,5742
5789,5743
5790,5744
5791,5745
5792,5746
5793,5747
5794,5748
5795,5749
5796,5750
5797,5751
5798,5752
5799,5753
5800,5754
5801,5755
5802,5756
5803,5757
5804,5758
5805,5759
5806,5760
5807,5761
5808,5762
5809,5763
5810,5764
5811,5765
5812,5766
5813,5767
5814,5768
5815,5769
5816,5770
5817,5771
5818,5772
5819,5773
5820,5774
5821,5775
5822,5776
5823,5777
5824,5778
5825,5779
5826,5780
5827,5781
5828,5782
5829,5783
5830,5784
5831,5785
5832,5786
5833,5787
5834,5788
5835,5789
5836,5790
5837,5791
5838,5792
5839,5793
5840,5794
5841,5795
5842,5796
5843,5797
5844,5798
5845,5799
5846,5800
5847,5801
5848,5802
5849,5803
5850,5804
5851,5805
5852,5806
5853,5807
5854,5808
5855,5809
5856,5810
5857,5811
5858,5812
5859,5813
5860,5814
5861,5815
5862,5816
5863,5817
5864,5818
5865,5819
5866,5820
5867,5821
5868,5822
5869,5823
5870,5824
5871,5825
5872,5826
5873,5827
5874,5828
5875,5829
5876,5830
5877,5831
5878,5832
5879,5833
5880,5834
5881,5835
5882,5836
5883,5837
5884,5838
5885,5839
5886,5840
5887,5841
5888,5842
5889,5843
5890,5844
5891,5845
5892,5846
5893,5847
5894,5848
5895,5849
5896,5850
5897,5851
5898,5852
5899,5853
5900,5854
5901,5855
5902,5856
5903,5857
5905,5858
5906,5859
5907,5860
5908,5861
5909,5862
5910,5863
5911,5864
5912,5865
5913,5866
5914,5867
5915,5868
5916,5869
5917,5870
5918,5871
5919,5872
5920,5873
5921,5874
5922,5875
5923,5876
5924,5877
5925,5878
5926,5879
5927,5880
5928,5881
5929,5882
5930,5883
5931,5884
5932,5885
5933,5886
5934,5887
5935,5888
5936,5889
5937,5890
5938,5891
5939,5892
5940,5893
5941,5894
5942,5895
5943,5896
5944,5897
5945,5898
5946,5899
5947,5900
5948,5901
5949,5902
5950,5903
5951,5904
5952,5905
5953,5906
5954,5907
5955,5908
5956,5909
5957,5910
5958,5911
5960,5912
5966,5913
5968,5914
5969,5915
5970,5916
5971,5917
5972,5918
5973,5919
5974,5920
5975,5921
5976,5922
5977,5923
5978,5924
5979,5925
5980,5926
5981,5927
5982,5928
5983,5929
5984,5930
5985,5931
5986,5932
5987,5933
5990,5934
5991,5935
5992,5936
5993,5937
5994,5938
5995,5939
5996,5940
5997,5941
5998,5942
5999,5943
6000,5944
6001,5945
6002,5946
6003,5947
6004,5948
6005,5949
6006,5950
6007,5951
6008,5952
6009,5953
6010,5954
6011,5955
6012,5956
6013,5957
6014,5958
6015,5959
6016,5960
6017,5961
6018,5962
6019,5963
6020,5964
6021,5965
6022,5966
6023,5967
6024,5968
6025,5969
6026,5970
6027,5971
6028,5972
6029,5973
6030,5974
6031,5975
6032,5976
6033,5977
6034,5978
6035,5979
6036,5980
6037,5981
6038,5982
6039,5983
6041,5984
6042,5985
6043,5986
6044,5987
6045,5988
6046,5989
6047,5990
6048,5991
6051,5992
6052,5993
6053,5994
6054,5995
6055,5996
6056,5997
6057,5998
6058,5999
6059,6000
6060,6001
6061,6002
6062,6003
6063,6004
6064,6005
6065,6006
6066,6007
6067,6008
6068,6009
6069,6010
6070,6011
6071,6012
6072,6013
6073,6014
6074,6015
6075,6016
6076,6017
6077,6018
6078,6019
6079,6020
6080,6021
6081,6022
6082,6023
6083,6024
6084,6025
6085,6026
6086,6027
6087,6028
6088,6029
6089,6030
6090,6031
6091,6032
6092,6033
6093,6034
6094,6035
6095,6036
6096,6037
6097,6038
6098,6039
6099,6040
6100,6041
6101,6042
6102,6043
6103,6044
6104,6045
6105,6046
6106,6047
6107,6048
6108,6049
6109,6050
6110,6051
6111,6052
6112,6053
6113,6054
6114,6055
6115,6056
6116,6057
6117,6058
6118,6059
6119,6060
6120,6061
6121,6062
6124,6063
6125,6064
6126,6065
6130,6066
6131,6067
6132,6068
6133,6069
6134,6070
6135,6071
6136,6072
6137,6073
6138,6074
6139,6075
6140,6076
6141,6077
6142,6078
6143,6079
6144,6080
6145,6081
6146,6082
6147,6083
6148,6084
6149,6085
6150,6086
6151,6087
6152,6088
6153,6089
6154,6090
6155,6091
6156,6092
6157,6093
6158,6094
6159,6095
6160,6096
6161,6097
6162,6098
6163,6099
6164,6100
6165,6101
6166,6102
6167,6103
6169,6104
6170,6105
6171,6106
6172,6107
6174,6108
6175,6109
6176,6110
6177,6111
6181,6112
6182,6113
6233,6114
6234,6115
6235,6116
6236,6117
6237,6118
6238,6119
6239,6120
6240,6121
6241,6122
6242,6123
6243,6124
6244,6125
6245,6126
6246,6127
6247,6128
6248,6129
6249,6130
6250,6131
6251,6132
6253,6133
6255,6134
6256,6135
6257,6136
6258,6137
6259,6138
6260,6139
6261,6140
6262,6141
6263,6142
6264,6143
6265,6144
6266,6145
6267,6146
6268,6147
6269,6148
6270,6149
6271,6150
6272,6151
6273,6152
6274,6153
6275,6154
6276,6155
6277,6156
6278,6157
6279,6158
6280,6159
6281,6160
6282,6161
6283,6162
6284,6163
6285,6164
6286,6165
6287,6166
6288,6167
6289,6168
6290,6169
6291,6170
6292,6171
6293,6172
6294,6173
6295,6174
6296,6175
6297,6176
6298,6177
6299,6178
6300,6179
6301,6180
6302,6181
6303,6182
6304,6183
6305,6184
6306,6185
6307,6186
6308,6187
6309,6188
6310,6189
6311,6190
6312,6191
6313,6192
6314,6193
6315,6194
6316,6195
6317,6196
6318,6197
6319,6198
6320,6199
6321,6200
6322,6201
6323,6202
6324,6203
6325,6204
6326,6205
6327,6206
6328,6207
6329,6208
6330,6209
6331,6210
6332,6211
6333,6212
6334,6213
6335,6214
6336,6215
6337,6216
6338,6217
6339,6218
6340,6219
6341,6220
6342,6221
6343,6222
6344,6223
6345,6224
6346,6225
6347,6226
6348,6227
6349,6228
6353,6229
6354,6230
6355,6231
6356,6232
6357,6233
6358,6234
6359,6235
6360,6236
6361,6237
6362,6238
6365,6239
6367,6240
6368,6241
6369,6242
6372,6243
6373,6244
6374,6245
6375,6246
6376,6247
6377,6248
6378,6249
6379,6250
6380,6251
6381,6252
6382,6253
6383,6254
6384,6255
6385,6256
6386,6257
6387,6258
6388,6259
6389,6260
6390,6261
6391,6262
6392,6263
6393,6264
6394,6265
6395,6266
6396,6267
6424,6268
6425,6269
6426,6270
6427,6271
6428,6272
6429,6273
6430,6274
6431,6275
6434,6276
6435,6277
6436,6278
6437,6279
6438,6280
6439,6281
6440,6282
6441,6283
6442,6284
6443,6285
6444,6286
6445,6287
6446,6288
6447,6289
6449,6290
6450,6291
6517,6292
6522,6293
6523,6294
6524,6295
6525,6296
6526,6297
6527,6298
6529,6299
6530,6300
6531,6301
6532,6302
6533,6303
6534,6304
6538,6305
6539,6306
6540,6307
6541,6308
6542,6309
6543,6310
6544,6311
6545,6312
6546,6313
6547,6314
6548,6315
6549,6316
6550,6317
6551,6318
6552,6319
6553,6320
6554,6321
6555,6322
6556,6323
6557,6324
6558,6325
6559,6326
6560,6327
6587,6328
6588,6329
6589,6330
6590,6331
6591,6332
6592,6333
6593,6334
6594,6335
6595,6336
6596,6337
6597,6338
6598,6339
6599,6340
6600,6341
6601,6342
6602,6343
6603,6344
6604,6345
6614,6346
6615,6347
6616,6348
6617,6349
6618,6350
6619,6351
6620,6352
6621,6353
6622,6354
6623,6355
6624,6356
6625,6357
6628,6358
6629,6359
6630,6360
6631,6361
6632,6362
6633,6363
6634,6364
6635,6365
6636,6366
6637,6367
6638,6368
6639,6369
6640,6370
6643,6371
6644,6372
6645,6373
6646,6374
6647,6375
6648,6376
6649,6377
6650,6378
6651,6379
6652,6380
6653,6381
6655,6382
6656,6383
6657,6384
6658,6385
6659,6386
6660,6387
6661,6388
6662,6389
6663,6390
6664,6391
6665,6392
6666,6393
6667,6394
6668,6395
6669,6396
6670,6397
6671,6398
6672,6399
6673,6400
6674,6401
6675,6402
6676,6403
6677,6404
6678,6405
6679,6406
6682,6407
6683,6408
6684,6409
6685,6410
6686,6411
6688,6412
6698,6413
6699,6414
6700,6415
6701,6416
6702,6417
6703,6418
6704,6419
6705,6420
6706,6421
6707,6422
6708,6423
6709,6424
6710,6425
6711,6426
6712,6427
6713,6428
6714,6429
6715,6430
6716,6431
6717,6432
6718,6433
6719,6434
6720,6435
6721,6436
6722,6437
6723,6438
6724,6439
6725,6440
6726,6441
6727,6442
6728,6443
6729,6444
6730,6445
6731,6446
6732,6447
6733,6448
6734,6449
6735,6450
6736,6451
6737,6452
6738,6453
6739,6454
6740,6455
6741,6456
6742,6457
6743,6458
6744,6459
6745,6460
6746,6461
6747,6462
6748,6463
6749,6464
6750,6465
6751,6466
6752,6467
6753,6468
6754,6469
6755,6470
6756,6471
6757,6472
6758,6473
6759,6474
6760,6475
6761,6476
6762,6477
6763,6478
6764,6479
6765,6480
6766,6481
6767,6482
6768,6483
6769,6484
6770,6485
6771,6486
6772,6487
6773,6488
6774,6489
6775,6490
6776,6491
6777,6492
6778,6493
6779,6494
6780,6495
6781,6496
6782,6497
6783,6498
6784,6499
6785,6500
6786,6501
6787,6502
6788,6503
6789,6504
6790,6505
6791,6506
6792,6507
6793,6508
6794,6509
6795,6510
6796,6511
6797,6512
6798,6513
6799,6514
6800,6515
6801,6516
6802,6517
6803,6518
6804,6519
6805,6520
6806,6521
6807,6522
6808,6523
6809,6524
6810,6525
6811,6526
6812,6527
6813,6528
6814,6529
6815,6530
6816,6531
6817,6532
6818,6533
6819,6534
6820,6535
6821,6536
6822,6537
6823,6538
6824,6539
6825,6540
6826,6541
6827,6542
6828,6543
6829,6544
6851,6545
6852,6546
6853,6547
6854,6548
6855,6549
6856,6550
6857,6551
6858,6552
6859,6553
6860,6554
6861,6555
6862,6556
6863,6557
6864,6558
6865,6559
6866,6560
6867,6561
6868,6562
6869,6563
6870,6564
6871,6565
6872,6566
6873,6567
6874,6568
6875,6569
6876,6570
6877,6571
6878,6572
6879,6573
6880,6574
6881,6575
6882,6576
6883,6577
6884,6578
6885,6579
6886,6580
6887,6581
6888,6582
6889,6583
6890,6584
6891,6585
6892,6586
6893,6587
6894,6588
6895,6589
6896,6590
6897,6591
6898,6592
6899,6593
6900,6594
6901,6595
6902,6596
6903,6597
6904,6598
6905,6599
6906,6600
6907,6601
6908,6602
6909,6603
6910,6604
6911,6605
6912,6606
6913,6607
6914,6608
6915,6609
6916,6610
6917,6611
6918,6612
6919,6613
6920,6614
6921,6615
6922,6616
6923,6617
6924,6618
6925,6619
6926,6620
6927,6621
6928,6622
6929,6623
6930,6624
6931,6625
6932,6626
6933,6627
6934,6628
6935,6629
6936,6630
6937,6631
6938,6632
6939,6633
6940,6634
6941,6635
6942,6636
6943,6637
6944,6638
6945,6639
6946,6640
6947,6641
6948,6642
6949,6643
6950,6644
6951,6645
6952,6646
6953,6647
6954,6648
6955,6649
6956,6650
6957,6651
6958,6652
6959,6653
6960,6654
6961,6655
6962,6656
6963,6657
6964,6658
6965,6659
6966,6660
6967,6661
6968,6662
6969,6663
6970,6664
6971,6665
6972,6666
6973,6667
6974,6668
6975,6669
6976,6670
6977,6671
6978,6672
6979,6673
6980,6674
6981,6675
6982,6676
6983,6677
6984,6678
6985,6679
6986,6680
6987,6681
6988,6682
6989,6683
6990,6684
6991,6685
6992,6686
6993,6687
6994,6688
6995,6689
6996,6690
6997,6691
6998,6692
6999,6693
7000,6694
7001,6695
7002,6696
7003,6697
7004,6698
7005,6699
7006,6700
7007,6701
7008,6702
7009,6703
7010,6704
7011,6705
7012,6706
7013,6707
7014,6708
7015,6709
7016,6710
7017,6711
7018,6712
7019,6713
7020,6714
7021,6715
7022,6716
7023,6717
7024,6718
7025,6719
7026,6720
7027,6721
7028,6722
7029,6723
7030,6724
7031,6725
7032,6726
7033,6727
7034,6728
7035,6729
7036,6730
7037,6731
7038,6732
7039,6733
7040,6734
7041,6735
7042,6736
7043,6737
7044,6738
7045,6739
7046,6740
7047,6741
7048,6742
7049,6743
7050,6744
7055,6745
7056,6746
7057,6747
7059,6748
7060,6749
7061,6750
7062,6751
7064,6752
7065,6753
7066,6754
7067,6755
7068,6756
7069,6757
7070,6758
7071,6759
7072,6760
7073,6761
7074,6762
7075,6763
7076,6764
7077,6765
7078,6766
7079,6767
7080,6768
7081,6769
7082,6770
7083,6771
7084,6772
7085,6773
7086,6774
7087,6775
7088,6776
7089,6777
7090,6778
7091,6779
7140,6780
7141,6781
7142,6782
7143,6783
7144,6784
7145,6785
7146,6786
7148,6787
7149,6788
7151,6789
7152,6790
7153,6791
7154,6792
7155,6793
7156,6794
7157,6795
7159,6796
7160,6797
7161,6798
7163,6799
7191,6800
7193,6801
7194,6802
7195,6803
7196,6804
7197,6805
7198,6806
7199,6807
7201,6808
7202,6809
7203,6810
7204,6811
7205,6812
7206,6813
7207,6814
7208,6815
7209,6816
7210,6817
7211,6818
7212,6819
7213,6820
7214,6821
7215,6822
7216,6823
7217,6824
7220,6825
7225,6826
7236,6827
7237,6828
7238,6829
7240,6830
7242,6831
7245,6832
7246,6833
7247,6834
7248,6835
7249,6836
7250,6837
7251,6838
7252,6839
7253,6840
7254,6841
7255,6842
7256,6843
7257,6844
7258,6845
7259,6846
7260,6847
7261,6848
7264,6849
7266,6850
7268,6851
7271,6852
7273,6853
7274,6854
7275,6855
7276,6856
7279,6857
7280,6858
7281,6859
7289,6860
7290,6861
7291,6862
7292,6863
7293,6864
7294,6865
7295,6866
7296,6867
7307,6868
7309,6869
7310,6870
7311,6871
7312,6872
7313,6873
7314,6874
7315,6875
7316,6876
7317,6877
7329,6878
7330,6879
7331,6880
7333,6881
7336,6882
7339,6883
7340,6884
7341,6885
7342,6886
7343,6887
7344,6888
7345,6889
7347,6890
7348,6891
7349,6892
7350,6893
7351,6894
7352,6895
7354,6896
7355,6897
7356,6898
7357,6899
7358,6900
7359,6901
7361,6902
7363,6903
7364,6904
7365,6905
7366,6906
7367,6907
7368,6908
7369,6909
7370,6910
7371,6911
7372,6912
7373,6913
7374,6914
7375,6915
7376,6916
7377,6917
7378,6918
7379,6919
7380,6920
7381,6921
7382,6922
7383,6923
7384,6924
7385,6925
7386,6926
7387,6927
7407,6928
7408,6929
7410,6930
7411,6931
7412,6932
7415,6933
7416,6934
7417,6935
7418,6936
7419,6937
7420,6938
7421,6939
7422,6940
7423,6941
7424,6942
7426,6943
7427,6944
7428,6945
7429,6946
7430,6947
7431,6948
7432,6949
7433,6950
7434,6951
7435,6952
7436,6953
7437,6954
7438,6955
7439,6956
7440,6957
7441,6958
7442,6959
7443,6960
7444,6961
7445,6962
7451,6963
7452,6964
7453,6965
7454,6966
7455,6967
7456,6968
7457,6969
7458,6970
7459,6971
7460,6972
7461,6973
7462,6974
7464,6975
7473,6976
7474,6977
7475,6978
7476,6979
7480,6980
7481,6981
7482,6982
7483,6983
7484,6984
7485,6985
7486,6986
7487,6987
7489,6988
7490,6989
7491,6990
7492,6991
7493,6992
7497,6993
7498,6994
7500,6995
7568,6996
7573,6997
7582,6998
7584,6999
7585,7000
7586,7001
7587,7002
7589,7003
7591,7004
7592,7005
7593,7006
7594,7007
7595,7008
7596,7009
7597,7010
7598,7011
7599,7012
7600,7013
7601,7014
7602,7015
7603,7016
7605,7017
7606,7018
7607,7019
7608,7020
7609,7021
7610,7022
7611,7023
7612,7024
7613,7025
7614,7026
7615,7027
7616,7028
7617,7029
7619,7030
7620,7031
7621,7032
7622,7033
7627,7034
7628,7035
7629,7036
7630,7037
7631,7038
7632,7039
7633,7040
7634,7041
7635,7042
7636,7043
7637,7044
7638,7045
7639,7046
7640,7047
7641,7048
7642,7049
7643,7050
7644,7051
7645,7052
7647,7053
7648,7054
7649,7055
