dataset,seed,method,method_key,ACC_old,ACC_new,ACC_overall,Balanced_ACC
junyi,1,G-NCDM,G-NCDM(Anchor),0.7858112452668429,,0.7858112452668429,
junyi,1,EWC,EWC,0.7325141101664643,0.7164738980931541,0.727482226035793,0.7277020465444711
junyi,1,DER++,DER++,0.7656640708723298,0.7402313222882151,0.7576857072811963,0.7580342462970954
junyi,1,C-LoRA,C-LoRA,0.7281560334357362,0.7258518286964677,0.7274331944103947,0.7274647720139557
junyi,1,X-DER,X-DER,0.7673787240122883,0.7403876211316036,0.758911497916156,0.759281393148083
junyi,1,Full Replay Oracle,Full-Replay,0.7860970207901693,0.7514848390121913,0.7752390291738172,0.7757133662567759
junyi,1,C-LoRA-GNCDM,C-LoRA-GNCDM,0.73765806958634,0.7496092528915286,0.7414072076489335,0.7412434245778965
junyi,1,ICD,ICD,0.7140815889119096,0.6256642700844014,0.6863446923265506,0.6875563932636571
junyi,1,CLEAN-Full,CLEAN-Full,0.7858112452668429,0.7394498280712722,0.7712674675165482,0.7719028201081716
junyi,1,CLEAN-LoRA,CLEAN-LoRA,0.7858112452668429,0.7202250703344796,0.7652365775925472,0.7661353927871338
junyi,7,G-NCDM,G-NCDM(Anchor),0.783239265556905,,0.783239265556905,
junyi,7,EWC,EWC,0.7182253340001429,0.712253829321663,0.7163520470703604,0.7164338825965989
junyi,7,DER++,DER++,0.7651639637065085,0.7410128165051578,0.7575876440303996,0.7579186195461033
junyi,7,C-LoRA,C-LoRA,0.6769307708794742,0.728196311347296,0.6930129933807305,0.6923104330198206
junyi,7,X-DER,X-DER,0.7694505965564049,0.7377305407939981,0.7594998774209365,0.7599345798276829
junyi,7,Full Replay Oracle,Full-Replay,0.7815960562977781,0.7550797124101282,0.7732777641578819,0.7736411531314831
junyi,7,C-LoRA-GNCDM,C-LoRA-GNCDM,0.7445881260270057,0.7517974366989685,0.7468497180681539,0.7467509192285945
junyi,7,ICD,ICD,0.7140815889119096,0.6256642700844014,0.6863446923265506,0.6875563932636571
junyi,7,CLEAN-Full,CLEAN-Full,0.783239265556905,0.7453891841200375,0.7713655307673449,0.7718842411258448
junyi,7,CLEAN-LoRA,CLEAN-LoRA,0.783239265556905,0.7338230697092841,0.7677371904878647,0.7684144068026187
junyi,21,G-NCDM,G-NCDM(Anchor),0.7820247195827678,,0.7820247195827678,
junyi,21,EWC,EWC,0.7271558191040938,0.7163175992497656,0.7237558225055161,0.7239043531477953
junyi,21,DER++,DER++,0.7665928413231407,0.7399187246014379,0.7582250551605786,0.7585906063066298
junyi,21,C-LoRA,C-LoRA,0.7224405229692077,0.7313222882150672,0.7252267712674675,0.7251050525429655
junyi,21,X-DER,X-DER,0.7757376580695864,0.7396061269146609,0.7644030399607747,0.7648981987231087
junyi,21,Full Replay Oracle,Full-Replay,0.7867400157176537,0.7557049077836824,0.7770041676881588,0.7774294833374623
junyi,21,C-LoRA-GNCDM,C-LoRA-GNCDM,0.6940058583982281,0.7511722413254142,0.711939200784506,0.7111557732763839
junyi,21,ICD,ICD,0.7140815889119096,0.6256642700844014,0.6863446923265506,0.6875563932636571
junyi,21,CLEAN-Full,CLEAN-Full,0.7820247195827678,0.7439824945295405,0.770090708506987,0.7706120520667995
junyi,21,CLEAN-LoRA,CLEAN-LoRA,0.7820247195827678,0.7361675523601126,0.767639127237068,0.7682675694159712
junyi,42,G-NCDM,G-NCDM(Anchor),0.7849539186968636,,0.7849539186968636,
junyi,42,EWC,EWC,0.7260127170107881,0.7211628633948108,0.7244912968864918,0.7245577609259949
junyi,42,DER++,DER++,0.7669500607272987,0.7417943107221007,0.7590585927923511,0.7594033357257393
junyi,42,C-LoRA,C-LoRA,0.7355861970422234,0.7296030009377931,0.7337092424613876,0.7337912382108942
junyi,42,X-DER,X-DER,0.7787383010645138,0.7213191622381995,0.760725668055896,0.7615125594166194
junyi,42,Full Replay Oracle,Full-Replay,0.7858826891476745,0.7536730228196311,0.7757783770531993,0.7762197892492615
junyi,42,C-LoRA-GNCDM,C-LoRA-GNCDM,0.6675001786097021,0.7514848390121913,0.693846531012503,0.6926955767304488
junyi,42,ICD,ICD,0.7140815889119096,0.6256642700844014,0.6863446923265506,0.6875563932636571
junyi,42,CLEAN-Full,CLEAN-Full,0.7849539186968636,0.7428884026258206,0.771757783770532,0.7723342638755506
junyi,42,CLEAN-LoRA,CLEAN-LoRA,0.7849539186968636,0.7403876211316036,0.7709732777641579,0.7715840294272855
junyi,84,G-NCDM,G-NCDM(Anchor),0.7848110309352004,,0.7848110309352004,
junyi,84,EWC,EWC,0.6700007144388083,0.7138168177555486,0.6837460161804364,0.6831455454338303
junyi,84,DER++,DER++,0.7691648210330785,0.7453891841200375,0.7617063005638637,0.7620321299591661
junyi,84,C-LoRA,C-LoRA,0.7019361291705365,0.7344482650828383,0.7121353272860995,0.7116897699442271
junyi,84,X-DER,X-DER,0.7775951989712081,0.7263207252266333,0.7615101740622702,0.7622128568478356
junyi,84,Full Replay Oracle,Full-Replay,0.7843823676502107,0.7530478274460769,0.7745525864182398,0.7749820055889706
junyi,84,C-LoRA-GNCDM,C-LoRA-GNCDM,0.740730156462099,0.7499218505783057,0.7436136307918607,0.743487664696961
junyi,84,ICD,ICD,0.7140815889119096,0.6256642700844014,0.6863446923265506,0.6875563932636571
junyi,84,CLEAN-Full,CLEAN-Full,0.7848110309352004,0.7503907471084714,0.7740132385388576,0.7744849457871817
junyi,84,CLEAN-LoRA,CLEAN-LoRA,0.7848110309352004,0.7371053454204439,0.7698455503799951,0.7704993252807735
junyi,2,G-NCDM,G-NCDM(Anchor),0.7850253625776952,,0.7850253625776952,
junyi,2,EWC,EWC,0.723655068943345,0.7195998749609253,0.7223829369943614,0.722438510748619
junyi,2,DER++,DER++,0.7678788311781096,0.7475773679274773,0.7615101740622702,0.7617883922029199
junyi,2,C-LoRA,C-LoRA,0.7185825534043009,0.728196311347296,0.7215984309879873,0.7214666807871993
junyi,2,X-DER,X-DER,0.7763092091162392,0.7227258518286964,0.7594998774209365,0.7602342019299764
junyi,2,Full Replay Oracle,Full-Replay,0.7875973422876331,0.7567989996874023,0.7779357685707281,0.7783578395075638
junyi,2,C-LoRA-GNCDM,C-LoRA-GNCDM,0.7010073587197256,0.7524226320725227,0.7171365530767345,0.7164319407255647
junyi,2,ICD,ICD,0.686175580221998,0.7110362257792755,0.6939744726110866,0.6936337738891812
junyi,2,CLEAN-Full,CLEAN-Full,0.7850253625776952,0.745545482963426,0.7726403530277028,0.7731813986934144
junyi,2,CLEAN-LoRA,CLEAN-LoRA,0.7850253625776952,0.7322600812753985,0.7684726648688404,0.7691957781870061
junyi,3,G-NCDM,G-NCDM(Anchor),0.7847395870543687,,0.7847395870543687,
junyi,3,EWC,EWC,0.7143673644352361,0.7174116911534855,0.7153223829369943,0.7152806624507109
junyi,3,DER++,DER++,0.7645209687790241,0.7405439199749921,0.756999264525619,0.7573278541378146
junyi,3,C-LoRA,C-LoRA,0.7121526041294564,0.7331978743357299,0.7187545967148811,0.7184661851913384
junyi,3,X-DER,X-DER,0.7777380867328714,0.730697092841513,0.7629811228242216,0.7636257885654638
junyi,3,Full Replay Oracle,Full-Replay,0.7863113524326641,0.7589871834948422,0.7777396420691346,0.7781141017513175
junyi,3,C-LoRA-GNCDM,C-LoRA-GNCDM,0.6387082946345646,0.7485151609878087,0.6731551850943859,0.6716503545405378
junyi,3,ICD,ICD,0.686175580221998,0.7110362257792755,0.6939744726110866,0.6936337738891812
junyi,3,CLEAN-Full,CLEAN-Full,0.7847395870543687,0.7453891841200375,0.772395194900711,0.7729344661740692
junyi,3,CLEAN-LoRA,CLEAN-LoRA,0.7847395870543687,0.7378868396373867,0.7700416768815886,0.770683762829274
junyi,5,G-NCDM,G-NCDM(Anchor),0.7810245052511252,,0.7810245052511252,
junyi,5,EWC,EWC,0.7119382724869615,0.7202250703344796,0.7145378769306202,0.7144243118412169
junyi,5,DER++,DER++,0.760162892048296,0.7430447014692091,0.7547928413826919,0.7550274348745699
junyi,5,C-LoRA,C-LoRA,0.6955776237765235,0.73210378243201,0.7070360382446678,0.7065354713731695
junyi,5,X-DER,X-DER,0.7769522040437237,0.7356986558299469,0.7640107869575876,0.7645761395795906
junyi,5,Full Replay Oracle,Full-Replay,0.7805958419661356,0.755861206627071,0.7728364795292963,0.7731754513644161
junyi,5,C-LoRA-GNCDM,C-LoRA-GNCDM,0.5269700650139315,0.751953735542357,0.5975484187300809,0.5944651661724591
junyi,5,ICD,ICD,0.686175580221998,0.7110362257792755,0.6939744726110866,0.6936337738891812
junyi,5,CLEAN-Full,CLEAN-Full,0.7810245052511252,0.7478899656142545,0.7706300563863692,0.771084143360064
junyi,5,CLEAN-LoRA,CLEAN-LoRA,0.7810245052511252,0.7386683338543295,0.7677371904878647,0.7683176538320865
junyi,11,G-NCDM,G-NCDM(Anchor),0.7836679288418947,,0.7836679288418947,
junyi,11,EWC,EWC,0.73765806958634,0.7086589559237262,0.7285609217945574,0.7289583354875558
junyi,11,DER++,DER++,0.7612345502607701,0.7450765864332604,0.7561657268938465,0.7563871611125172
junyi,11,C-LoRA,C-LoRA,0.7396584982496249,0.7303844951547358,0.7367492032360873,0.7368762973211582
junyi,11,X-DER,X-DER,0.7778809744945345,0.7353860581431697,0.7645501348369699,0.765132499589125
junyi,11,Full Replay Oracle,Full-Replay,0.7879545616917911,0.7533604251328541,0.7771022309389556,0.77757632072411
junyi,11,C-LoRA-GNCDM,C-LoRA-GNCDM,0.6928627563049224,0.7527352297592997,0.7116450110321157,0.7108244983412355
junyi,11,ICD,ICD,0.686175580221998,0.7110362257792755,0.6939744726110866,0.6936337738891812
junyi,11,CLEAN-Full,CLEAN-Full,0.7836679288418947,0.7475773679274773,0.7723461632753126,0.7728407605675695
junyi,11,CLEAN-LoRA,CLEAN-LoRA,0.7836679288418947,0.7446076899030947,0.7714145623927433,0.7719498571602547
junyi,13,G-NCDM,G-NCDM(Anchor),0.7850968064585269,,0.7850968064585269,
junyi,13,EWC,EWC,0.6927913124240909,0.7124101281650516,0.6989458200539348,0.698676957146379
junyi,13,DER++,DER++,0.7660927341573194,0.7419506095654892,0.7585192449129688,0.7588500967797703
junyi,13,C-LoRA,C-LoRA,0.6947917410873758,0.7383557361675523,0.7084579553812209,0.7078609396114288
junyi,13,X-DER,X-DER,0.7812388368936201,0.7288215067208502,0.7647952929639618,0.765513637841789
junyi,13,Full Replay Oracle,Full-Replay,0.7873830106451383,0.7533604251328541,0.7767099779357686,0.7771762349914529
junyi,13,C-LoRA-GNCDM,C-LoRA-GNCDM,0.5730513681503179,0.7510159424820256,0.628879627359647,0.6264407404498302
junyi,13,ICD,ICD,0.686175580221998,0.7110362257792755,0.6939744726110866,0.6936337738891812
junyi,13,CLEAN-Full,CLEAN-Full,0.7850968064585269,0.7446076899030947,0.772395194900711,0.7729500714918972
junyi,13,CLEAN-LoRA,CLEAN-LoRA,0.7850968064585269,0.7353860581431697,0.7695023290022064,0.7701835819639197
a0910,1,G-NCDM,G-NCDM(Anchor),0.7354816428457573,,0.7354816428457573,
a0910,1,EWC,EWC,0.6728919823601296,0.6376811594202898,0.6620103528029662,0.6623287354781776
a0910,1,DER++,DER++,0.7012645449232241,0.6699928724162509,0.6916002790117112,0.691883043171132
a0910,1,C-LoRA,C-LoRA,0.6799851230009032,0.6361368496079829,0.6664341569073755,0.666830640983027
a0910,1,X-DER,X-DER,0.728016577227565,0.7009978617248752,0.7196666544293109,0.7199109625767579
a0910,1,Full Replay Oracle,Full-Replay,0.735003453589076,0.7260631979092421,0.7322405374646647,0.7323213768851258
a0910,1,C-LoRA-GNCDM,C-LoRA-GNCDM,0.703575792997184,0.7208956996911381,0.7089283747567826,0.7087717650053702
a0910,1,ICD,ICD,0.543976824655991,0.65,0.5767424581243954,0.5757837772591936
a0910,1,CLEAN-Full,CLEAN-Full,0.7354816428457573,0.7215490615348064,0.7311758875142259,0.731301868452472
a0910,1,CLEAN-LoRA,CLEAN-LoRA,0.7354816428457573,0.7216678545972915,0.7312125995814824,0.7313375063712175
a0910,7,G-NCDM,G-NCDM(Anchor),0.736517719568567,,0.736517719568567,
a0910,7,EWC,EWC,0.6653737846023059,0.6424328819196959,0.6582840779764308,0.6584915137975229
a0910,7,DER++,DER++,0.6971999362414324,0.6729033024471371,0.6896912515143728,0.6899109461031437
a0910,7,C-LoRA,C-LoRA,0.6726794538016045,0.6421952957947256,0.6632585630896876,0.6635342063995407
a0910,7,X-DER,X-DER,0.725200573827108,0.7068781183178903,0.7195381621939131,0.7197038371743427
a0910,7,Full Replay Oracle,Full-Replay,0.7353488124966793,0.7266571632216678,0.7326627262381145,0.7327413177141758
a0910,7,C-LoRA-GNCDM,C-LoRA-GNCDM,0.6662770309760374,0.6371465906391067,0.6572744961268769,0.6575378988749582
a0910,7,ICD,ICD,0.543976824655991,0.65,0.5767424581243954,0.5757837772591936
a0910,7,CLEAN-Full,CLEAN-Full,0.736517719568567,0.7239843193157519,0.7326443702044863,0.7327576994927225
a0910,7,CLEAN-LoRA,CLEAN-LoRA,0.736517719568567,0.7225588025659302,0.7322038253974081,0.7323300444677759
a0910,21,G-NCDM,G-NCDM(Anchor),0.7360395303118856,,0.7360395303118856,
a0910,21,EWC,EWC,0.6680569576536847,0.6372653837015918,0.6585410624472264,0.6588194854680568
a0910,21,DER++,DER++,0.6953934434939695,0.6764076977904491,0.6895260472117185,0.6896977197829133
a0910,21,C-LoRA,C-LoRA,0.6797460283725626,0.6385721073889284,0.6670215499834796,0.6673938520774723
a0910,21,X-DER,X-DER,0.7310982413261782,0.6914350201948206,0.7188406329160395,0.7191992749867708
a0910,21,Full Replay Oracle,Full-Replay,0.735800435683545,0.729567593252554,0.7338742244575792,0.7339305829542477
a0910,21,C-LoRA-GNCDM,C-LoRA-GNCDM,0.6953403113543383,0.7232715609408411,0.7039722456771541,0.703719686230289
a0910,21,ICD,ICD,0.543976824655991,0.65,0.5767424581243954,0.5757837772591936
a0910,21,CLEAN-Full,CLEAN-Full,0.7360395303118856,0.7246376811594203,0.7325158779690885,0.732618975566146
a0910,21,CLEAN-LoRA,CLEAN-LoRA,0.7360395303118856,0.7247564742219055,0.732552590036345,0.7326546134848916
a0910,42,G-NCDM,G-NCDM(Anchor),0.7330109983529036,,0.7330109983529036,
a0910,42,EWC,EWC,0.6746187768981456,0.6537776193870278,0.6681779801020595,0.6683664296448102
a0910,42,DER++,DER++,0.6949418203071037,0.6851983844143502,0.6919306876170197,0.6920187895392776
a0910,42,C-LoRA,C-LoRA,0.674379682269805,0.6490852934188643,0.6665626491427732,0.6667913656145228
a0910,42,X-DER,X-DER,0.72822910578609,0.6990971727251128,0.7192261096222329,0.7194895258677968
a0910,42,Full Replay Oracle,Full-Replay,0.738536740874555,0.7337847469707769,0.7370681743088954,0.7371111427034216
a0910,42,C-LoRA-GNCDM,C-LoRA-GNCDM,0.7032570001593964,0.722855785222143,0.7093138514629759,0.7091366356782204
a0910,42,ICD,ICD,0.543976824655991,0.65,0.5767424581243954,0.5757837772591936
a0910,42,CLEAN-Full,CLEAN-Full,0.7330109983529036,0.7191732002851033,0.7287345350416682,0.7288596589325635
a0910,42,CLEAN-LoRA,CLEAN-LoRA,0.7330109983529036,0.7194107864100736,0.7288079591761812,0.7289309347700547
a0910,84,G-NCDM,G-NCDM(Anchor),0.7333563572605069,,0.7333563572605069,
a0910,84,EWC,EWC,0.6719090377769513,0.6412449512948444,0.6624325415764162,0.6627098118323193
a0910,84,DER++,DER++,0.6928962329313001,0.6789617486338798,0.6885898894966775,0.6887158876420739
a0910,84,C-LoRA,C-LoRA,0.6732639073375485,0.6378593490140175,0.6623224053746466,0.6626425398404892
a0910,84,X-DER,X-DER,0.7276712183199617,0.6970776906628653,0.7182165277726789,0.7184931600228328
a0910,84,Full Replay Oracle,Full-Replay,0.7379788534084267,0.7349132810643858,0.7370314622416388,0.7370591817052145
a0910,84,C-LoRA-GNCDM,C-LoRA-GNCDM,0.6956059720524945,0.7265977666904253,0.7051837438966189,0.7049035104438737
a0910,84,ICD,ICD,0.543976824655991,0.65,0.5767424581243954,0.5757837772591936
a0910,84,CLEAN-Full,CLEAN-Full,0.7333563572605069,0.7229151817533856,0.7301295935974155,0.7302240046083704
a0910,84,CLEAN-LoRA,CLEAN-LoRA,0.7333563572605069,0.7201829413162272,0.7292852160505158,0.7294043324772229
a0910,2,G-NCDM,G-NCDM(Anchor),0.7364380213591202,,0.7364380213591202,
a0910,2,EWC,EWC,0.6726263216619733,0.6432644333570919,0.6635522596277397,0.6638177551705089
a0910,2,DER++,DER++,0.6876361511078051,0.6777144214777857,0.68456991813209,0.6846596322187992
a0910,2,C-LoRA,C-LoRA,0.6761330428776366,0.641720123544785,0.6654979991923345,0.6658091670777811
a0910,2,X-DER,X-DER,0.7261835184102864,0.6995723449750535,0.7179595433018833,0.7182001663797165
a0910,2,Full Replay Oracle,Full-Replay,0.7361457945911482,0.7337253504395344,0.7353977752487243,0.7354196613456639
a0910,2,C-LoRA-GNCDM,C-LoRA-GNCDM,0.7171776207427873,0.7163221667854597,0.7169132493850728,0.7169209845555891
a0910,2,ICD,ICD,0.543976824655991,0.65,0.5767424581243954,0.5757837772591936
a0910,2,CLEAN-Full,CLEAN-Full,0.7364380213591202,0.7237467331907816,0.7325158779690885,0.7326306349086186
a0910,2,CLEAN-LoRA,CLEAN-LoRA,0.7364380213591202,0.7191732002851033,0.731102463379713,0.731258575036915
a0910,3,G-NCDM,G-NCDM(Anchor),0.7364911534987514,,0.7364911534987514,
a0910,3,EWC,EWC,0.6678709951649753,0.6418389166072701,0.6598259848012041,0.6600613715976636
a0910,3,DER++,DER++,0.696801445194198,0.6827631266334047,0.6924630125922391,0.69258994962596
a0910,3,C-LoRA,C-LoRA,0.6734233037564423,0.642967450700879,0.664011160468446,0.6642865478397733
a0910,3,X-DER,X-DER,0.7311779395356252,0.6926229508196722,0.7192628216894893,0.7196114429208392
a0910,3,Full Replay Oracle,Full-Replay,0.736517719568567,0.7277263007840342,0.7338008003230662,0.7338802939332072
a0910,3,C-LoRA-GNCDM,C-LoRA-GNCDM,0.7032304340895807,0.6974340698503207,0.7014391130364551,0.7014915248178027
a0910,3,ICD,ICD,0.543976824655991,0.65,0.5767424581243954,0.5757837772591936
a0910,3,CLEAN-Full,CLEAN-Full,0.7364911534987514,0.7235685435970539,0.7324975219354601,0.7326143705282422
a0910,3,CLEAN-LoRA,CLEAN-LoRA,0.7364911534987514,0.7233309574720836,0.7324240978009472,0.7325430946907511
a0910,5,G-NCDM,G-NCDM(Anchor),0.7333829233303225,,0.7333829233303225,
a0910,5,EWC,EWC,0.6513734658094682,0.6297814207650273,0.6447006130915232,0.6448958522961359
a0910,5,DER++,DER++,0.6924977418840657,0.6714183891660727,0.6859833327214655,0.6861739360686677
a0910,5,C-LoRA,C-LoRA,0.6776738749269433,0.6476003801378,0.6683798964719704,0.6686518264902003
a0910,5,X-DER,X-DER,0.7262897826895489,0.7006414825374199,0.7183633760417049,0.7185952926439101
a0910,5,Full Replay Oracle,Full-Replay,0.7378725891291642,0.7302209550962224,0.7355079114504938,0.7355770989192817
a0910,5,C-LoRA-GNCDM,C-LoRA-GNCDM,0.7070825142128474,0.7295081967213115,0.7140129960718088,0.7138102189653865
a0910,5,ICD,ICD,0.543976824655991,0.65,0.5767424581243954,0.5757837772591936
a0910,5,CLEAN-Full,CLEAN-Full,0.7333829233303225,0.7215490615348064,0.7297257608575939,0.7298327647916676
a0910,5,CLEAN-LoRA,CLEAN-LoRA,0.7333829233303225,0.7169161320978855,0.7282939902345901,0.7284428859605914
a0910,11,G-NCDM,G-NCDM(Anchor),0.7337548483077414,,0.7337548483077414,
a0910,11,EWC,EWC,0.6698103182615164,0.6386315039201711,0.660174749440141,0.6604566739591128
a0910,11,DER++,DER++,0.6900005313213963,0.6790211451651224,0.6866074378648261,0.6867067154745141
a0910,11,C-LoRA,C-LoRA,0.6782583284628872,0.6428486576383939,0.6673152465215316,0.6676354272155393
a0910,11,X-DER,X-DER,0.7299559003241061,0.6982656212877167,0.7201622673372737,0.7204488166131892
a0910,11,Full Replay Oracle,Full-Replay,0.735800435683545,0.7261819909717272,0.7328279305407688,0.7329149022699997
a0910,11,C-LoRA-GNCDM,C-LoRA-GNCDM,0.709048403379204,0.7233903540033262,0.7134806710965894,0.7133509885664406
a0910,11,ICD,ICD,0.543976824655991,0.65,0.5767424581243954,0.5757837772591936
a0910,11,CLEAN-Full,CLEAN-Full,0.7337548483077414,0.720064148253742,0.7295238444876831,0.7296476382915416
a0910,11,CLEAN-LoRA,CLEAN-LoRA,0.7337548483077414,0.720064148253742,0.7295238444876831,0.7296476382915416
a0910,13,G-NCDM,G-NCDM(Anchor),0.7366771159874608,,0.7366771159874608,
a0910,13,EWC,EWC,0.672652887731789,0.6433238298883345,0.6635889716949962,0.6638541703787526
a0910,13,DER++,DER++,0.7009457520854365,0.6714183891660727,0.6918205514152502,0.6920875432096274
a0910,13,C-LoRA,C-LoRA,0.6788162159290154,0.6493228795438346,0.6697015308932046,0.6699682150134612
a0910,13,X-DER,X-DER,0.7324531108867754,0.6962461392254692,0.721263629354969,0.7215910193883835
a0910,13,Full Replay Oracle,Full-Replay,0.7368896445459858,0.7303991446899502,0.7348838063071331,0.734942494589175
a0910,13,C-LoRA-GNCDM,C-LoRA-GNCDM,0.7099782158227512,0.7232121644095985,0.7140680641726935,0.7139484003988054
a0910,13,ICD,ICD,0.543976824655991,0.65,0.5767424581243954,0.5757837772591936
a0910,13,CLEAN-Full,CLEAN-Full,0.7366771159874608,0.7203017343787123,0.731616432321304,0.7317645015048362
a0910,13,CLEAN-LoRA,CLEAN-LoRA,0.7366771159874608,0.7236279401282965,0.7326443702044863,0.7327623632297114
math1,1,G-NCDM,G-NCDM(Anchor),0.7289239519310156,,0.7289239519310156,
math1,1,EWC,EWC,0.6898449683515274,0.7502948609941028,0.7111546685673557,0.7079799361443
math1,1,DER++,DER++,0.7134207870837538,0.7521482729570346,0.7270729389403658,0.725039032845738
math1,1,C-LoRA,C-LoRA,0.6933308870745803,0.732603201347936,0.7071751009741031,0.705112581356587
math1,1,X-DER,X-DER,0.7249793596917714,0.7501263689974726,0.7338441435020194,0.7325234624834818
math1,1,Full Replay Oracle,Full-Replay,0.7247041555820567,0.750463352990733,0.7337847469707769,0.7324319148046595
math1,1,C-LoRA-GNCDM,C-LoRA-GNCDM,0.6249885331620952,0.7118786857624263,0.6556189118555477,0.6510555789421946
math1,1,ICD,ICD,0.686175580221998,0.7110362257792755,0.6949394155381325,0.6936337738891812
math1,1,CLEAN-Full,CLEAN-Full,0.7289239519310156,0.754675652906487,0.7380019006889997,0.7366494622236569
math1,1,CLEAN-LoRA,CLEAN-LoRA,0.7289239519310156,0.680033698399326,0.7116892373485388,0.7142568758715087
math1,7,G-NCDM,G-NCDM(Anchor),0.722502522704339,,0.722502522704339,
math1,7,EWC,EWC,0.6818640491698009,0.7295703454085931,0.6986813970064149,0.6961759380414385
math1,7,DER++,DER++,0.7056233373085038,0.7556866048862679,0.7232715609408411,0.720642317581833
math1,7,C-LoRA,C-LoRA,0.6790202733694156,0.720977253580455,0.6938108814445236,0.6916073674327273
math1,7,X-DER,X-DER,0.7241537473626273,0.7506318449873631,0.7334877643145641,0.732097176650048
math1,7,Full Replay Oracle,Full-Replay,0.724428951472342,0.7538331929233362,0.7347944880019007,0.7332502239076403
math1,7,C-LoRA-GNCDM,C-LoRA-GNCDM,0.6101275112375012,0.7132266217354676,0.6464718460441911,0.641057244386891
math1,7,ICD,ICD,0.686175580221998,0.7110362257792755,0.6949394155381325,0.6936337738891812
math1,7,CLEAN-Full,CLEAN-Full,0.722502522704339,0.7054759898904802,0.7165003563791874,0.7173945628601813
math1,7,CLEAN-LoRA,CLEAN-LoRA,0.722502522704339,0.6834035383319292,0.7087194107864101,0.710772827392616
math1,21,G-NCDM,G-NCDM(Anchor),0.7174571140262361,,0.7174571140262361,
math1,21,EWC,EWC,0.6921383359324833,0.7327716933445662,0.7064623425991922,0.7043283431561081
math1,21,DER++,DER++,0.7201174204201449,0.75787700084246,0.7334283677833214,0.7314452945468394
math1,21,C-LoRA,C-LoRA,0.6911292541968627,0.7219882055602359,0.702007602755999,0.7003869396058746
math1,21,X-DER,X-DER,0.7253462985047243,0.7529907329401854,0.7350914706581135,0.7336396288353626
math1,21,Full Replay Oracle,Full-Replay,0.7232364003302449,0.7499578770008425,0.732656212877168,0.7312528433314243
math1,21,C-LoRA-GNCDM,C-LoRA-GNCDM,0.6213191450325658,0.7174389216512216,0.6552031361368497,0.6501550780181625
math1,21,ICD,ICD,0.686175580221998,0.7110362257792755,0.6949394155381325,0.6936337738891812
math1,21,CLEAN-Full,CLEAN-Full,0.7174571140262361,0.7529907329401854,0.729983368971252,0.7281171997004209
math1,21,CLEAN-LoRA,CLEAN-LoRA,0.7174571140262361,0.6855939342881213,0.7062247564742219,0.7078981601048017
math1,42,G-NCDM,G-NCDM(Anchor),0.7252545638014861,,0.7252545638014861,
math1,42,EWC,EWC,0.687368131364095,0.7265374894692502,0.7011760513186029,0.6991189387956416
math1,42,DER++,DER++,0.7175488487294743,0.7560235888795283,0.731111903064861,0.7290912707744904
math1,42,C-LoRA,C-LoRA,0.6947986423263921,0.7127211457455771,0.7011166547873604,0.7001753933521475
math1,42,X-DER,X-DER,0.7272727272727273,0.7580454928390902,0.7381206937514849,0.7365045569426361
math1,42,Full Replay Oracle,Full-Replay,0.7224107880011008,0.749452401010952,0.7319434545022571,0.7305232719040561
math1,42,C-LoRA-GNCDM,C-LoRA-GNCDM,0.6532428217594716,0.7192923336141533,0.6765264908529341,0.673057675315876
math1,42,ICD,ICD,0.686175580221998,0.7110362257792755,0.6949394155381325,0.6936337738891812
math1,42,CLEAN-Full,CLEAN-Full,0.7252545638014861,0.7246840775063185,0.7250534568781183,0.7250834179129357
math1,42,CLEAN-LoRA,CLEAN-LoRA,0.7252545638014861,0.6741364785172704,0.7072344975053457,0.7099191382162213
math1,84,G-NCDM,G-NCDM(Anchor),0.7149802770388037,,0.7149802770388037,
math1,84,EWC,EWC,0.6780111916337951,0.7317607413647852,0.6969588976003801,0.6941360565530921
math1,84,DER++,DER++,0.722502522704339,0.7531592249368155,0.7333095747208364,0.7316995333740819
math1,84,C-LoRA,C-LoRA,0.6880102742867626,0.7226621735467565,0.7002257068187218,0.6984058440647608
math1,84,X-DER,X-DER,0.7233281350334831,0.7550126368997473,0.7344975053456878,0.7328334855933623
math1,84,Full Replay Oracle,Full-Replay,0.7168149711035685,0.7563605728727886,0.7307555238774056,0.7286786516343344
math1,84,C-LoRA-GNCDM,C-LoRA-GNCDM,0.606182918998257,0.7167649536647009,0.6451651223568544,0.6393575293981902
math1,84,ICD,ICD,0.686175580221998,0.7110362257792755,0.6949394155381325,0.6936337738891812
math1,84,CLEAN-Full,CLEAN-Full,0.7149802770388037,0.7590564448188711,0.7305179377524352,0.7282031273728239
math1,84,CLEAN-LoRA,CLEAN-LoRA,0.7149802770388037,0.7027801179443977,0.7106794963174151,0.7113202293104819
math1,2,G-NCDM,G-NCDM(Anchor),0.7180992569489038,,0.7180992569489038,
math1,2,EWC,EWC,0.6875516007705715,0.719966301600674,0.6989783796626277,0.6972760110196022
math1,2,DER++,DER++,0.7143381341161361,0.7572030328559394,0.7294488001900689,0.7271976037380771
math1,2,C-LoRA,C-LoRA,0.6859003761122833,0.707329401853412,0.6934545022570682,0.6923290838346219
math1,2,X-DER,X-DER,0.7239702779561508,0.7514743049705139,0.7336659539082917,0.7322214860604597
math1,2,Full Replay Oracle,Full-Replay,0.7220438491881479,0.7541701769165965,0.7333689712520789,0.7316817475066825
math1,2,C-LoRA-GNCDM,C-LoRA-GNCDM,0.6472800660489864,0.7181128896377422,0.6722499406034688,0.668529913125613
math1,2,ICD,ICD,0.686175580221998,0.7110362257792755,0.6949394155381325,0.6936337738891812
math1,2,CLEAN-Full,CLEAN-Full,0.7180992569489038,0.7182813816343724,0.7181634592539796,0.7181538943545444
math1,2,CLEAN-LoRA,CLEAN-LoRA,0.7180992569489038,0.6930075821398484,0.7092539795675933,0.7105717545061871
math1,3,G-NCDM,G-NCDM(Anchor),0.7230529309237684,,0.7230529309237684,
math1,3,EWC,EWC,0.6871846619576185,0.7320977253580455,0.7030173437871229,0.7006585809777466
math1,3,DER++,DER++,0.7232364003302449,0.7543386689132267,0.7342005226894749,0.7325670809051394
math1,3,C-LoRA,C-LoRA,0.6890193560223833,0.7211457455770851,0.700344499881207,0.6986572728887938
math1,3,X-DER,X-DER,0.7300247683698743,0.7474304970513901,0.7361606082204799,0.735246486974329
math1,3,Full Replay Oracle,Full-Replay,0.7248876249885332,0.7470935130581298,0.7327156094084105,0.7315493914094122
math1,3,C-LoRA-GNCDM,C-LoRA-GNCDM,0.624529859645904,0.7130581297388374,0.6557377049180327,0.651088340673784
math1,3,ICD,ICD,0.686175580221998,0.7110362257792755,0.6949394155381325,0.6936337738891812
math1,3,CLEAN-Full,CLEAN-Full,0.7230529309237684,0.7566975568660489,0.7349132810643858,0.7331463187064526
math1,3,CLEAN-LoRA,CLEAN-LoRA,0.7230529309237684,0.7263689974726201,0.7242219054407223,0.724047750888424
math1,5,G-NCDM,G-NCDM(Anchor),0.7204843592330978,,0.7204843592330978,
math1,5,EWC,EWC,0.6823227226859921,0.731592249368155,0.6996911380375386,0.6971035806906409
math1,5,DER++,DER++,0.7158058893679479,0.75787700084246,0.7306367308149204,0.7284272228103015
math1,5,C-LoRA,C-LoRA,0.6898449683515274,0.7203032855939343,0.7005820860061772,0.6989824635242494
math1,5,X-DER,X-DER,0.7269975231630126,0.7459140690817186,0.7336659539082917,0.7326724869386244
math1,5,Full Replay Oracle,Full-Replay,0.7235116044399597,0.7499578770008425,0.7328344024708957,0.7314454862082245
math1,5,C-LoRA-GNCDM,C-LoRA-GNCDM,0.6369140445830658,0.7100252737994945,0.6626870990734142,0.6588474133479943
math1,5,ICD,ICD,0.686175580221998,0.7110362257792755,0.6949394155381325,0.6936337738891812
math1,5,CLEAN-Full,CLEAN-Full,0.7204843592330978,0.6102780117944397,0.6816345925397956,0.6874224550015005
math1,5,CLEAN-LoRA,CLEAN-LoRA,0.7204843592330978,0.6163437236731255,0.6837728676645284,0.6892421685651061
math1,11,G-NCDM,G-NCDM(Anchor),0.7146133382258508,,0.7146133382258508,
math1,11,EWC,EWC,0.680304559214751,0.7280539174389217,0.6971370871941078,0.6946293666820021
math1,11,DER++,DER++,0.7200256857169067,0.7556866048862679,0.7325968163459254,0.7307239614677151
math1,11,C-LoRA,C-LoRA,0.6828731309054216,0.7152485256950295,0.6942860536944643,0.6925857493423039
math1,11,X-DER,X-DER,0.7229611962205302,0.7511373209772536,0.7328937990021382,0.7314140336475472
math1,11,Full Replay Oracle,Full-Replay,0.719750481607192,0.7523167649536647,0.7312306961273461,0.7295203666111338
math1,11,C-LoRA-GNCDM,C-LoRA-GNCDM,0.6315934317952482,0.7000842459983151,0.6557377049180327,0.6521406760561682
math1,11,ICD,ICD,0.686175580221998,0.7110362257792755,0.6949394155381325,0.6936337738891812
math1,11,CLEAN-Full,CLEAN-Full,0.7146133382258508,0.7561920808761584,0.7292706105963411,0.7270869610209431
math1,11,CLEAN-LoRA,CLEAN-LoRA,0.7146133382258508,0.7164279696714406,0.7152530292230934,0.7151577276595278
math1,13,G-NCDM,G-NCDM(Anchor),0.7282818090083478,,0.7282818090083478,
math1,13,EWC,EWC,0.6926887441519126,0.7440606571187869,0.7107982893799002,0.7081003180419749
math1,13,DER++,DER++,0.7195670122007155,0.7521482729570346,0.7310525065336184,0.7293413904276113
math1,13,C-LoRA,C-LoRA,0.6940647647004862,0.7228306655433867,0.7042052744119743,0.7026945349533563
math1,13,X-DER,X-DER,0.7254380332079625,0.749452401010952,0.7339035400332621,0.7326423435488593
math1,13,Full Replay Oracle,Full-Replay,0.7180992569489038,0.7487784330244314,0.7289142314088857,0.727303009771562
math1,13,C-LoRA-GNCDM,C-LoRA-GNCDM,0.6212274103293276,0.7051390058972199,0.650807792824899,0.6464008889996953
math1,13,ICD,ICD,0.686175580221998,0.7110362257792755,0.6949394155381325,0.6936337738891812
math1,13,CLEAN-Full,CLEAN-Full,0.7282818090083478,0.686267902274642,0.7134711332858161,0.715677636988236
math1,13,CLEAN-LoRA,CLEAN-LoRA,0.7282818090083478,0.6719460825610784,0.7084224281301972,0.7113810910741669
